{
    "vertices":[-1.16193,0.016173,0.198835,0.021571,0.016173,-0.943623,1.14615,-0.016173,0.031803,-0.021571,-0.016173,0.943623,0.021571,-0.983827,0.056377,-0.021571,0.983827,-0.056377,-0.983328,0.758086,0.065707,-0.75053,0.016173,-0.651586,-0.728429,-0.733827,0.056377,-0.81592,0.008086,0.73786,0.010786,0.758086,-0.721811,0.760786,0.008086,-0.721811,0.021571,-0.733827,-0.693623,0.706858,0.790051,-0.112754,0.764569,-0.032345,0.667588,0.760786,-0.766233,0.028189,-0.043142,0.717655,0.637246,0.010786,-0.741914,0.778189,-0.641286,-0.542977,0.54551,-0.533985,-0.539383,-0.499178,0.572333,-0.542977,-0.511707,0.662217,-0.605972,0.596621,-0.765351,0.550165,0.621775,-0.538778,0.568134,-0.511707,0.548365,0.610602,-0.574348,0.505223,0.644193,0.424009],
    "uvs":[[0.575706,0.591098,0.509204,0.524169,0.597417,0.449012,0.668315,0.545672,0.754423,0.63378,0.66652,0.698925,0.583097,0.769204,0.49758,0.697819,0.428096,0.617505,0.747947,0.801719,0.856022,0.706483,0.911368,0.808831,0.834313,0.916113,0.720308,0.966534,0.627718,0.885564,0.2095,0.230646,0.120531,0.096424,0.249113,0.034663,0.336238,0.106825,0.401861,0.225562,0.285073,0.327481,0.195806,0.41152,0.085826,0.33166,0.029364,0.203967,0.395116,0.431698,0.504822,0.311229,0.28506,0.538566,0.412842,0.799468,0.302691,0.701571,0.535359,0.887963,0.440413,0.971853,0.324728,0.918548,0.237042,0.829578,0.808481,0.482958,0.725966,0.365334,0.84577,0.333707,0.939788,0.414952,0.973413,0.519821,0.881951,0.600515]],
    "name":"Cube.042Geometry.2",
    "normals":[-0.994293,-0.098453,0.040834,-0.607746,-0.052156,0.792383,-0.476485,0.551592,0.684561,-0.719413,0.69396,-0.028596,-0.526658,0.541734,-0.65508,-0.678823,-0.053713,-0.732322,-0.550523,-0.58388,-0.596606,-0.651723,-0.757988,-0.026124,-0.535356,-0.596332,0.598102,-0.029695,-0.021424,-0.999329,-0.029756,0.678487,-0.73397,0.514573,0.584155,-0.627613,0.661092,-0.018983,-0.750023,0.528092,-0.594195,-0.606616,-0.019501,-0.70336,-0.710532,0.999451,0.029267,0.015442,0.639943,0.768029,-0.023896,0.48381,0.656331,0.578875,0.666005,0.082278,0.741356,0.556749,-0.552416,0.62035,0.659078,-0.751518,-0.028474,0.039277,0.054079,0.997742,0.06003,0.705466,0.706168,-0.009278,-0.671133,0.741234,-0.022095,-0.999603,-0.016175,-0.002258,0.999756,-0.020753],
    "faces":[43,0,9,22,6,0,0,1,2,3,0,1,2,3,43,0,6,23,7,0,0,3,4,5,0,3,4,5,43,0,7,19,8,0,0,5,6,7,0,5,6,7,43,0,8,18,9,0,0,7,8,1,0,7,8,1,43,1,7,23,10,0,9,5,4,10,9,5,4,10,43,1,10,24,11,0,9,10,11,12,9,10,11,12,43,1,11,20,12,0,9,12,13,14,9,12,13,14,43,1,12,19,7,0,9,14,6,5,9,14,6,5,43,2,11,24,13,0,15,16,17,18,15,12,11,16,43,2,13,25,14,0,15,18,19,20,15,16,17,18,43,2,14,21,15,0,15,20,21,22,15,18,19,20,43,2,15,20,11,0,15,22,23,16,15,20,13,12,43,3,14,25,16,0,24,20,19,25,21,18,17,22,43,3,16,22,9,0,24,25,2,1,21,22,2,1,43,3,9,18,17,0,24,1,8,26,21,1,8,23,43,3,17,21,14,0,24,26,21,20,21,23,19,18,43,4,17,18,8,0,27,28,8,7,24,23,8,7,43,4,8,19,12,0,27,7,6,29,24,7,6,14,43,4,12,20,15,0,27,29,30,31,24,14,13,20,43,4,15,21,17,0,27,31,32,28,24,20,19,23,43,5,16,25,13,0,33,34,35,36,25,22,17,16,43,5,13,24,10,0,33,36,37,38,25,16,11,10,43,5,10,23,6,0,33,38,4,3,25,10,4,3,43,5,6,22,16,0,33,3,2,34,25,3,2,22],
    "metadata":{
        "type":"Geometry",
        "uvs":1,
        "materials":1,
        "vertices":26,
        "generator":"io_three",
        "normals":26,
        "faces":24,
        "version":3
    },
    "materials":[{
        "doubleSided":true,
        "DbgName":"ice1",
        "colorEmissive":[0,0,0],
        "depthWrite":true,
        "mapNormalWrap":["RepeatWrapping","RepeatWrapping"],
        "colorDiffuse":[0.8,0.8,0.8],
        "mapDiffuseWrap":["RepeatWrapping","RepeatWrapping"],
        "mapNormalRepeat":[1,1],
        "mapNormal":"asteroid1-ice-normal.png",
        "specularCoef":50,
        "mapNormalAnisotropy":1,
        "shading":"phong",
        "mapDiffuse":"asteroid1-ice-color.png",
        "transparent":true,
        "opacity":0.95,
        "blending":"NormalBlending",
        "wireframe":false,
        "depthTest":true,
        "DbgIndex":0,
        "mapDiffuseAnisotropy":1,
        "visible":true,
        "mapNormalFactor":[2,2],
        "colorSpecular":[0.2,0.2,0.2],
        "DbgColor":15658734,
        "mapDiffuseRepeat":[1,1]
    }]
}