{
    "vertices":[-0.804419,-1.38782,0.17222,0.804419,1.49126,-0.17222,-1.49352,0.746488,-0.500251,0.317138,-0.345293,-1.65547,1.56066,-0.746489,0.372962,-0.317138,0.345293,1.55454,-1.64615,-0.471868,-0.198464,-0.874324,-0.760727,1.37655,-1.27492,0.838295,0.938575,-0.332305,-1.32101,-1.11823,-0.693495,0.281438,-1.65997,0.43952,-1.60987,0.361111,1.58656,-0.799377,-0.542509,0.799214,-0.320356,1.39323,-0.398924,1.5916,-0.456663,0.398618,1.40778,0.955248,0.808012,0.803067,-1.21358,1.84161,0.490133,0.072012,-1.41074,-0.142351,0.938083,-1.07878,-0.562125,-1.34043,0.804173,-1.38238,-0.594916,0.13509,-0.997198,1.15821,-0.469423,1.50865,0.526587,-0.133604,0.9906,-1.17481,1.79307,0.186584,-0.671369,1.18507,0.534128,0.936884],
    "uvs":[[0.561424,0.608873,0.65145,0.69387,0.586578,0.781578,0.47967,0.693357,0.372038,0.595026,0.470648,0.517137,0.560944,0.414265,0.630944,0.507653,0.722396,0.593075,0.215482,0.21376,0.10841,0.318742,0.037668,0.206277,0.118681,0.103685,0.260315,0.031632,0.375088,0.126429,0.423727,0.220312,0.306522,0.315456,0.216011,0.390864,0.39296,0.780443,0.517462,0.889326,0.394534,0.968271,0.287897,0.89734,0.216874,0.79255,0.265283,0.667458,0.385713,0.427579,0.27675,0.510051,0.53154,0.293292,0.723599,0.397933,0.64666,0.324356,0.73504,0.230751,0.824784,0.283135,0.894095,0.404405,0.824276,0.519013,0.753789,0.771994,0.894663,0.876295,0.794808,0.962049,0.659672,0.893407,0.844932,0.639113,0.952587,0.728719]],
    "name":"Cube.033Geometry",
    "normals":[-0.473037,-0.874142,0.109775,-0.437819,-0.467605,0.767846,-0.853938,-0.110843,0.508377,-0.946989,-0.30427,-0.102878,-0.636464,-0.365825,-0.679006,-0.172033,-0.789605,-0.588946,0.368267,-0.857753,-0.358592,0.205786,-0.940428,0.270516,0.117038,-0.642842,0.756981,0.442549,0.889157,-0.116092,-0.235054,0.926115,-0.295022,-0.295816,0.898282,0.32487,0.235878,0.763787,0.600787,0.656331,0.337992,0.67449,0.930754,0.336589,0.142735,0.870968,0.142247,-0.47026,0.445936,0.484603,-0.752495,-0.057436,0.664174,-0.745354,-0.838252,0.467757,-0.28019,-0.699393,0.494003,0.516495,-0.372478,0.212104,-0.903439,0.24604,-0.180456,-0.9523,0.787896,-0.490127,-0.372753,0.8034,-0.467116,0.369152,0.454817,-0.181341,0.871914,-0.102176,0.213294,0.971618],
    "faces":[43,0,7,18,6,0,0,1,2,3,0,1,2,3,43,0,6,19,9,0,0,3,4,5,0,3,4,5,43,0,9,20,11,0,0,5,6,7,0,5,6,7,43,0,11,21,7,0,0,7,8,1,0,7,8,1,43,1,14,22,15,0,9,10,11,12,9,10,11,12,43,1,15,25,17,0,9,12,13,14,9,12,13,14,43,1,17,24,16,0,9,14,15,16,9,14,15,16,43,1,16,23,14,0,9,16,17,10,9,16,17,10,43,2,6,18,8,0,18,3,2,19,18,3,2,19,43,2,8,22,14,0,18,19,20,21,18,19,11,10,43,2,14,23,10,0,18,21,22,23,18,10,17,20,43,2,10,19,6,0,18,23,4,3,18,20,4,3,43,3,9,19,10,0,24,5,4,25,21,5,4,20,43,3,10,23,16,0,24,25,17,16,21,20,17,16,43,3,16,24,12,0,24,16,15,26,21,16,15,22,43,3,12,20,9,0,24,26,6,5,21,22,6,5,43,4,11,20,12,0,27,7,6,28,23,7,6,22,43,4,12,24,17,0,27,28,29,30,23,22,15,14,43,4,17,25,13,0,27,30,31,32,23,14,13,24,43,4,13,21,11,0,27,32,8,7,23,24,8,7,43,5,15,22,8,0,33,34,35,36,25,12,11,19,43,5,8,18,7,0,33,36,2,1,25,19,2,1,43,5,7,21,13,0,33,1,8,37,25,1,8,24,43,5,13,25,15,0,33,37,38,34,25,24,13,12],
    "metadata":{
        "type":"Geometry",
        "uvs":1,
        "materials":1,
        "vertices":26,
        "generator":"io_three",
        "normals":26,
        "faces":24,
        "version":3
    },
    "materials":[{
        "doubleSided":true,
        "DbgName":"ice1.003",
        "colorEmissive":[0,0,0],
        "depthWrite":true,
        "mapNormalWrap":["RepeatWrapping","RepeatWrapping"],
        "colorDiffuse":[0.8,0.8,0.8],
        "mapDiffuseWrap":["RepeatWrapping","RepeatWrapping"],
        "mapNormalRepeat":[1,1],
        "mapNormal":"asteroid3-ice-normal.png",
        "specularCoef":50,
        "mapNormalAnisotropy":1,
        "shading":"phong",
        "mapDiffuse":"asteroid3-ice-color.png",
        "transparent":true,
        "opacity":0.95,
        "blending":"NormalBlending",
        "wireframe":false,
        "depthTest":true,
        "DbgIndex":0,
        "mapDiffuseAnisotropy":1,
        "visible":true,
        "mapNormalFactor":[2,2],
        "colorSpecular":[0.2,0.2,0.2],
        "DbgColor":15658734,
        "mapDiffuseRepeat":[1,1]
    }]
}