{
    "vertices":[0.289301,-2.56521,-0.009812,-0.415936,3.02952,-0.031341,3.2951,0.098056,-0.42275,-0.72813,-0.739539,2.54432,-3.42174,0.366251,0.381597,0.601495,1.20385,-2.58547,2.61506,-2.61808,-0.150133,0.330695,-0.904267,-1.78073,2.5037,1.07931,-2.27317,0.071598,-2.82748,1.75572,2.40729,-0.816146,1.62875,-2.21277,-1.11367,0.125126,-3.53115,-0.177086,2.17743,-1.63312,0.842538,-1.61533,2.29594,2.88124,-0.49428,0.539888,2.82611,-2.10776,-1.19545,1.83424,2.05046,-2.9515,1.77912,0.436981,1.95688,-1.13511,-1.53312,1.94661,-2.42668,1.20285,-2.09208,-1.50382,1.47967,-1.28109,-0.411829,-1.20778,1.98639,2.53502,-1.82903,1.32001,1.4677,1.18328,-2.90518,1.2321,1.75166,-1.43808,1.91016,-1.21214],
    "uvs":[[0.591155,0.528724,0.707415,0.597694,0.639125,0.68397,0.532779,0.621186,0.470235,0.562838,0.531032,0.469045,0.620691,0.354923,0.695462,0.40695,0.761306,0.497386,0.25925,0.157243,0.099636,0.27477,0.039635,0.183865,0.108909,0.091157,0.273847,0.020873,0.441342,0.05997,0.508055,0.150579,0.404249,0.222391,0.271349,0.34636,0.517768,0.767557,0.639174,0.865219,0.583802,0.975712,0.47523,0.971413,0.331413,0.851057,0.385614,0.659172,0.493442,0.35471,0.352774,0.51899,0.61457,0.202185,0.773786,0.327311,0.698884,0.240086,0.806248,0.227758,0.863435,0.305786,0.919413,0.444665,0.850542,0.479806,0.826091,0.669444,0.931919,0.700377,0.88184,0.791856,0.770701,0.781335,0.853921,0.509225,0.930867,0.537051]],
    "name":"Cube.027Geometry",
    "normals":[-0.214148,-0.894589,-0.392163,-0.181646,-0.528245,-0.829402,0.355022,-0.504746,-0.786859,0.619037,-0.751396,-0.228309,0.503403,-0.690481,0.519364,-0.09537,-0.854518,0.510544,-0.568255,-0.77871,0.265847,-0.618671,-0.654897,-0.433943,-0.482528,-0.477737,-0.734092,-0.1554,0.976592,0.148534,0.607654,0.772698,0.183416,0.501144,0.669973,-0.547655,-0.126499,0.74044,-0.660054,-0.579669,0.547105,-0.603839,-0.731925,0.671987,-0.112613,-0.585864,0.546129,0.598712,-0.045808,0.616932,0.785668,0.445967,0.490402,0.748711,0.999542,0.028169,0.00882,0.62685,0.05002,-0.77749,0.661153,-0.014283,0.750084,0.009461,-0.126316,0.991913,-0.790735,-0.193304,0.580798,-0.937834,-0.080752,-0.337504,-0.590381,-0.026582,-0.806665,-0.120273,0.007752,-0.992706],
    "faces":[43,0,7,18,6,0,0,1,2,3,0,1,2,3,43,0,6,19,9,0,0,3,4,5,0,3,4,5,43,0,9,20,11,0,0,5,6,7,0,5,6,7,43,0,11,21,7,0,0,7,8,1,0,7,8,1,43,1,14,22,15,0,9,10,11,12,9,10,11,12,43,1,15,25,17,0,9,12,13,14,9,12,13,14,43,1,17,24,16,0,9,14,15,16,9,14,15,16,43,1,16,23,14,0,9,16,17,10,9,16,17,10,43,2,6,18,8,0,18,3,2,19,18,3,2,19,43,2,8,22,14,0,18,19,20,21,18,19,11,10,43,2,14,23,10,0,18,21,22,23,18,10,17,20,43,2,10,19,6,0,18,23,4,3,18,20,4,3,43,3,9,19,10,0,24,5,4,25,21,5,4,20,43,3,10,23,16,0,24,25,17,16,21,20,17,16,43,3,16,24,12,0,24,16,15,26,21,16,15,22,43,3,12,20,9,0,24,26,6,5,21,22,6,5,43,4,11,20,12,0,27,7,6,28,23,7,6,22,43,4,12,24,17,0,27,28,29,30,23,22,15,14,43,4,17,25,13,0,27,30,31,32,23,14,13,24,43,4,13,21,11,0,27,32,8,7,23,24,8,7,43,5,15,22,8,0,33,34,35,36,25,12,11,19,43,5,8,18,7,0,33,36,2,1,25,19,2,1,43,5,7,21,13,0,33,1,8,37,25,1,8,24,43,5,13,25,15,0,33,37,38,34,25,24,13,12],
    "metadata":{
        "type":"Geometry",
        "uvs":1,
        "materials":1,
        "vertices":26,
        "generator":"io_three",
        "normals":26,
        "faces":24,
        "version":3
    },
    "materials":[{
        "doubleSided":true,
        "DbgName":"rock1.005",
        "colorEmissive":[0,0,0],
        "depthWrite":true,
        "mapNormalWrap":["RepeatWrapping","RepeatWrapping"],
        "colorDiffuse":[0.8,0.8,0.8],
        "mapDiffuseWrap":["RepeatWrapping","RepeatWrapping"],
        "mapNormalRepeat":[1,1],
        "mapNormal":"asteroid6-normal.png",
        "specularCoef":50,
        "mapNormalAnisotropy":1,
        "shading":"phong",
        "mapDiffuse":"asteroid6-color.png",
        "transparent":false,
        "opacity":1,
        "blending":"NormalBlending",
        "wireframe":false,
        "depthTest":true,
        "DbgIndex":0,
        "mapDiffuseAnisotropy":1,
        "visible":true,
        "mapNormalFactor":[2,2],
        "colorSpecular":[0.05,0.05,0.05],
        "DbgColor":15658734,
        "mapDiffuseRepeat":[1,1]
    }]
}