{
    "uvs":[[0.704527,0.726566,0.705345,0.760948,0.690626,0.748144,0.690522,0.739705,0.764755,0.286495,0.767722,0.221039,0.821915,0.233638,0.815044,0.283276,0.525107,0.733502,0.409588,0.732986,0.411061,0.638936,0.523655,0.654791,0.463573,0.479905,0.275665,0.479883,0.275908,0.427257,0.463406,0.428123,0.307889,0.941974,0.303695,0.97263,0.13166,0.926287,0.141493,0.897429,0.487243,0.927918,0.488799,0.97263,0.702361,0.63705,0.645107,0.474575,0.644307,0.426186,0.696123,0.859674,0.522736,0.83334,0.557092,0.808864,0.700752,0.82335,0.682208,0.963324,0.67949,0.909457,0.775311,0.904621,0.778029,0.958488,0.459231,0.575931,0.34725,0.57211,0.289117,0.731101,0.290589,0.637051,0.311657,0.654036,0.310706,0.714783,0.329139,0.827412,0.643772,0.510628,0.494675,0.503653,0.306527,0.868615,0.158275,0.849037,0.490923,0.885368,0.291587,0.778127,0.177933,0.791053,0.15891,0.479343,0.159153,0.426717,0.044017,0.458661,0.044167,0.426186,0.052358,0.861448,0.066629,0.811834,0.561478,0.763182,0.775787,0.183203,0.829425,0.201339,0.637213,0.575421,0.489513,0.557297,0.764173,0.32263,0.817227,0.316012,0.632308,0.610617,0.040911,0.890369,0.021992,0.852714,0.036263,0.803099,0.780846,0.460225,0.772141,0.420336,0.831364,0.414296,0.839747,0.451568,0.792951,0.524959,0.859323,0.519907,0.8044,0.087914,0.817261,0.049455,0.883528,0.059471,0.865056,0.101865,0.888631,0.289705,0.892324,0.316952,0.900172,0.216499,0.890566,0.241001,0.907201,0.389595,0.912427,0.418608,0.938288,0.463269,0.945736,0.124401,0.931572,0.15026,0.114085,0.621392,0.101819,0.643914,0.059407,0.643914,0.04714,0.621392,0.04714,0.554447,0.058055,0.531686,0.103171,0.531686,0.114085,0.554447,0.458936,0.179152,0.543628,0.179389,0.598682,0.328076,0.539993,0.329785,0.731642,0.119827,0.696831,0.328623,0.195222,0.179691,0.110537,0.178123,0.189562,0.027285,0.248903,0.028081,0.384572,0.235003,0.34759,0.026662,0.598666,0.337179,0.570229,0.745616,0.750409,0.685941,0.757682,0.684292,0.795441,0.848217,0.792477,0.852725,0.879166,0.595452,0.974813,0.683297,0.936571,0.881942,0.877495,0.828706,0.378222,0.028777,0.488119,0.029331,0.670725,0.026819,0.141481,0.331276,0.031456,0.32892,0.324029,0.328138,0.692552,0.440105,0.692552,0.3813,0.727048,0.3813,0.727048,0.440105,0.389471,0.655254,0.38852,0.716001,0.693371,0.597676,0.692111,0.547064,0.726607,0.547064,0.727867,0.597677,0.692111,0.48826,0.726607,0.48826,0.124465,0.757251,0.04914,0.757251,0.04914,0.698447,0.124465,0.698447,0.859822,0.589658,0.862701,0.839435]],
    "normals":[0.964507,0.240516,0.108798,0.516495,0.840846,0.161687,0.548814,0.793603,-0.262642,0.959929,0.0318,-0.27839,0.522202,-0.838191,0.157201,-0.522202,-0.838191,0.157201,-0.34788,-0.51146,-0.78573,0.34788,-0.51146,-0.78573,0.808771,0.559862,0.179998,0.706198,0.621387,0.339274,0.690512,-0.587512,0.421857,0.795831,0.60509,0.022279,-0.115665,-0.983673,0.13773,0.527207,-0.809137,0.259407,0,-0.999969,0.001862,0,-1,0,0.549211,0.82989,0.097964,0,0.995483,0.094638,0,0.875118,0.48384,0.558061,0.727622,0.398846,0.685232,0.718925,-0.116367,0,0.98059,-0.19602,0.972015,-0.224342,0.069399,-0.813257,-0.54976,-0.190619,0,-0.687704,-0.725974,-0.793695,0.565783,-0.223334,0.579638,0.776818,0.24604,-0.419782,0.842402,0.337718,-0.512894,0.843226,0.160802,0,0.64153,-0.767083,0.055361,-0.985076,0.162816,0.925352,0.288064,0.246345,0.766259,0.151982,0.624256,0.766259,-0.151982,0.624256,-0.417615,-0.869991,0.262062,0.985778,0.111881,0.125217,0.712119,-0.701926,0.01178,0,-0.999023,-0.04413,0.533952,-0.725089,0.434828,0,-0.87579,0.48265,0.528825,0.176977,0.830042,0.433546,0.838343,0.330424,-0.409192,-0.033204,-0.911832,0.417615,-0.869991,0.262062,0.409192,-0.033204,-0.911832,0,0.219001,0.975707,0.423994,0.046175,-0.904477,0.329447,0.513047,-0.792596,-0.329447,0.513047,-0.792596,-0.423994,0.046175,-0.904477,-0.348613,0.50734,-0.788049,-0.609363,0.117252,-0.784143,0.609363,0.117252,-0.784143,0.348613,0.50734,-0.788049,-0.609455,-0.131901,-0.781732,-0.332102,-0.515244,-0.790033,0.332102,-0.515244,-0.790033,0.609455,-0.131901,-0.781732,0.48323,-0.095248,0.870266,-0.138127,-0.989837,0.032991,0.650075,-0.759667,0.016785,0.69747,-0.127384,0.705161,-0.049989,-0.057527,-0.99707,0.591174,-0.09946,-0.800378,0.189062,0.981872,0.011078,0.751305,0.659902,-0.006104,0.877773,0.479019,0.001038,0.085116,0.695181,-0.713736,0.627613,-0.283792,-0.724937,0.708701,0.367931,0.601917,0.706198,-0.621387,0.339274,0.30372,0.496414,0.813196,0.30372,-0.496414,0.813196,-0.361675,0.549913,0.752831,-0.361675,-0.549913,0.752831,-0.964507,0.240516,0.108798,-0.959929,0.0318,-0.27839,-0.548814,0.793603,-0.262642,-0.516495,0.840846,0.161687,-0.808771,0.559862,0.179998,-0.795831,0.60509,0.022279,-0.690512,-0.587512,0.421857,-0.706198,0.621387,0.339274,0.115665,-0.983673,0.13773,-0.527207,-0.809137,0.259407,-0.549211,0.82989,0.097964,-0.558061,0.727622,0.398846,-0.685232,0.718925,-0.116367,-0.972015,-0.224342,0.069399,0.813257,-0.54976,-0.190619,0.793695,0.565783,-0.223334,0.512894,0.843226,0.160802,0.419782,0.842402,0.337718,-0.579638,0.776818,0.24604,-0.055361,-0.985076,0.162816,-0.925352,0.288064,0.246345,-0.766259,-0.151982,0.624256,-0.766259,0.151982,0.624256,-0.985778,0.111881,0.125217,-0.712119,-0.701926,0.01178,-0.533952,-0.725089,0.434828,-0.528825,0.176977,0.830042,-0.433546,0.838343,0.330424,-0.48323,-0.095248,0.870266,-0.69747,-0.127384,0.705161,-0.650075,-0.759667,0.016785,0.138127,-0.989837,0.032991,-0.591174,-0.09946,-0.800378,0.049989,-0.057527,-0.99707,-0.189062,0.981872,0.011078,-0.751305,0.659902,-0.006104,-0.877773,0.479019,0.001038,-0.627613,-0.283792,-0.724937,-0.085116,0.695181,-0.713736,-0.708701,0.367931,0.601917,-0.706198,-0.621387,0.339274,-0.30372,0.496414,0.813196,-0.30372,-0.496414,0.813196,0.361675,0.549913,0.752831,0.361675,-0.549913,0.752831],