{
    "vertices":[-0.029213,-1.61264,-0.036442,0.077563,1.70129,0.014015,1.74114,-0.080528,-0.007469,0.06284,-0.00216,1.71943,-1.75952,0.124876,0.143133,-0.033053,0.010229,-1.62333,1.20976,-1.2265,-0.063533,-0.033221,-1.20706,-1.33415,1.1773,-0.005578,-1.35019,-0.010598,-1.21191,1.27948,1.1993,0.020862,1.36999,-1.22534,-1.18482,0.099972,-1.53568,0.165913,1.03182,-1.22688,0.020921,-1.0848,1.21117,1.19747,0.003716,0.043994,1.33306,-1.12883,0.060178,1.19656,1.1555,-1.32678,1.35176,0.2221,0.832227,-0.915109,-1.16637,1.03175,-0.923754,1.16562,-1.14076,-0.727813,1.03949,-0.920486,-0.87843,-0.857416,0.940992,1.01189,-0.929664,0.921064,0.87486,0.874979,-1.20887,1.12633,0.985243,-1.01433,0.986124,-0.75241],
    "uvs":[[0.562163,0.610087,0.653193,0.696031,0.587598,0.784718,0.479497,0.695513,0.370666,0.596086,0.470375,0.517328,0.561678,0.413309,0.632458,0.507739,0.72493,0.594113,0.212364,0.21057,0.104099,0.316721,0.032568,0.203004,0.114485,0.099268,0.257698,0.026411,0.37375,0.122265,0.422931,0.217195,0.30442,0.313399,0.2129,0.389648,0.391821,0.783569,0.517711,0.893667,0.393412,0.973491,0.285587,0.90177,0.213772,0.795812,0.262721,0.669326,0.384493,0.426773,0.274316,0.510164,0.531946,0.290988,0.726146,0.396796,0.648349,0.322398,0.737714,0.22775,0.828459,0.280718,0.898543,0.40334,0.827945,0.519226,0.756672,0.775027,0.899117,0.880491,0.798149,0.967201,0.661506,0.897793,0.848832,0.640664,0.957686,0.731269]],
    "name":"Cube.032Geometry.1",
    "normals":[-0.046815,-0.998749,-0.016938,-0.080294,-0.685018,-0.724052,0.509751,-0.57033,-0.644063,0.677267,-0.734611,-0.040162,0.55974,-0.583239,0.58861,-0.051912,-0.717215,0.694876,-0.602008,-0.518998,0.606769,-0.690909,-0.722831,-0.009308,-0.621387,-0.551836,-0.556139,0.081088,0.996612,0.013123,0.715842,0.697623,0.02945,0.570544,0.59328,-0.567858,-0.016816,0.726646,-0.686789,-0.58797,0.569872,-0.573992,-0.66039,0.750847,-0.008271,-0.520493,0.602863,0.604602,0.076968,0.702475,0.707511,0.578295,0.599536,0.55327,0.999847,-0.003418,-0.01529,0.661336,0.026063,-0.749626,0.676138,0.064364,0.733909,-0.008362,0.046663,0.998871,-0.775658,0.010804,0.631001,-0.996796,-0.020875,-0.076998,-0.721061,0.006378,-0.692801,-0.10184,0.053133,-0.993378],
    "faces":[43,0,7,18,6,0,0,1,2,3,0,1,2,3,43,0,6,19,9,0,0,3,4,5,0,3,4,5,43,0,9,20,11,0,0,5,6,7,0,5,6,7,43,0,11,21,7,0,0,7,8,1,0,7,8,1,43,1,14,22,15,0,9,10,11,12,9,10,11,12,43,1,15,25,17,0,9,12,13,14,9,12,13,14,43,1,17,24,16,0,9,14,15,16,9,14,15,16,43,1,16,23,14,0,9,16,17,10,9,16,17,10,43,2,6,18,8,0,18,3,2,19,18,3,2,19,43,2,8,22,14,0,18,19,20,21,18,19,11,10,43,2,14,23,10,0,18,21,22,23,18,10,17,20,43,2,10,19,6,0,18,23,4,3,18,20,4,3,43,3,9,19,10,0,24,5,4,25,21,5,4,20,43,3,10,23,16,0,24,25,17,16,21,20,17,16,43,3,16,24,12,0,24,16,15,26,21,16,15,22,43,3,12,20,9,0,24,26,6,5,21,22,6,5,43,4,11,20,12,0,27,7,6,28,23,7,6,22,43,4,12,24,17,0,27,28,29,30,23,22,15,14,43,4,17,25,13,0,27,30,31,32,23,14,13,24,43,4,13,21,11,0,27,32,8,7,23,24,8,7,43,5,15,22,8,0,33,34,35,36,25,12,11,19,43,5,8,18,7,0,33,36,2,1,25,19,2,1,43,5,7,21,13,0,33,1,8,37,25,1,8,24,43,5,13,25,15,0,33,37,38,34,25,24,13,12],
    "metadata":{
        "type":"Geometry",
        "uvs":1,
        "materials":1,
        "vertices":26,
        "generator":"io_three",
        "normals":26,
        "faces":24,
        "version":3
    },
    "materials":[{
        "doubleSided":true,
        "DbgName":"rock1.002",
        "colorEmissive":[0,0,0],
        "depthWrite":true,
        "mapNormalWrap":["RepeatWrapping","RepeatWrapping"],
        "colorDiffuse":[0.8,0.8,0.8],
        "mapDiffuseWrap":["RepeatWrapping","RepeatWrapping"],
        "mapNormalRepeat":[1,1],
        "mapNormal":"asteroid3-normal.png",
        "specularCoef":50,
        "mapNormalAnisotropy":1,
        "shading":"phong",
        "mapDiffuse":"asteroid3-color.png",
        "transparent":false,
        "opacity":1,
        "blending":"NormalBlending",
        "wireframe":false,
        "depthTest":true,
        "DbgIndex":0,
        "mapDiffuseAnisotropy":1,
        "visible":true,
        "mapNormalFactor":[2,2],
        "colorSpecular":[0.05,0.05,0.05],
        "DbgColor":15658734,
        "mapDiffuseRepeat":[1,1]
    }]
}