{
    "vertices":[0.929749,-4.28716,0.360246,-0.932837,4.29315,-0.209562,3.21558,-0.431729,4.28347,-4.17885,-0.353162,2.99841,-3.21867,0.437723,-4.13278,4.17576,0.359156,-2.84773,3.39296,-3.61751,3.2739,4.00024,-3.22396,-1.63736,5.54185,-0.020673,0.805649,-2.60639,-3.20528,2.2154,-0.719251,-0.625422,5.65722,-1.99911,-2.81172,-2.69586,-5.54979,0.097176,-1.12193,0.721021,0.560906,-5.03957,1.42963,2.97142,3.18897,2.26263,3.76419,-2.59656,-3.66266,2.67703,2.31989,-2.82966,3.46981,-3.46564,4.82435,-2.56543,0.885866,0.033648,-2.74675,4.10489,-3.79482,-2.16408,-0.626165,1.00019,-2.04543,-3.4301,3.38644,2.51546,0.485115,-1.10145,1.84265,4.17689,-4.42646,2.28871,-0.858534,0.065746,2.89884,-4.13522],
    "uvs":[[0.612946,0.606773,0.711804,0.532818,0.77765,0.617198,0.692183,0.691552,0.583897,0.769097,0.487382,0.679354,0.414388,0.574188,0.497536,0.499231,0.604916,0.430521,0.255278,0.226679,0.119822,0.094325,0.259737,0.020378,0.392207,0.117903,0.441369,0.24038,0.350893,0.32305,0.253793,0.404344,0.115906,0.335127,0.035881,0.204119,0.745411,0.784197,0.875761,0.680975,0.935799,0.81841,0.82642,0.922925,0.708057,0.978588,0.612482,0.891848,0.381339,0.735934,0.509972,0.869534,0.37721,0.901604,0.268051,0.798057,0.200519,0.665299,0.282612,0.586375,0.410954,0.403826,0.302892,0.506684,0.545313,0.305726,0.779186,0.416109,0.859694,0.263212,0.959018,0.405016,0.886722,0.554695,0.65314,0.288895,0.739889,0.198859]],
    "name":"Cube.049Geometry",
    "normals":[-0.012665,-0.99707,-0.075137,0.56859,-0.678579,-0.464949,0.852473,-0.516556,0.080172,0.461287,-0.715354,0.524796,-0.115146,-0.696493,0.708213,-0.51265,-0.800653,0.309976,-0.687338,-0.710807,-0.149205,-0.335765,-0.762902,-0.552416,0.131321,-0.61681,-0.776055,-0.086612,0.991791,0.093844,0.301309,0.768456,0.56447,0.664144,0.730033,0.161016,0.472945,0.801782,-0.365246,0.089084,0.618793,-0.78048,-0.449873,0.706229,-0.546617,-0.816858,0.572802,-0.067873,-0.602222,0.654653,0.456832,-0.179846,0.594317,0.783837,0.580401,0.112796,0.806452,0.972716,0.193518,0.127842,-0.167455,-0.054933,0.984344,-0.811823,-0.129093,0.569384,-0.977294,-0.119877,-0.174657,-0.552568,-0.106479,-0.826624,0.169073,-0.043611,-0.984619,0.781487,0.106418,-0.614734],
    "faces":[43,0,7,18,6,0,0,1,2,3,0,1,2,3,43,0,6,19,9,0,0,3,4,5,0,3,4,5,43,0,9,20,11,0,0,5,6,7,0,5,6,7,43,0,11,21,7,0,0,7,8,1,0,7,8,1,43,1,14,22,15,0,9,10,11,12,9,10,11,12,43,1,15,25,17,0,9,12,13,14,9,12,13,14,43,1,17,24,16,0,9,14,15,16,9,14,15,16,43,1,16,23,14,0,9,16,17,10,9,16,17,10,43,2,6,18,8,0,18,3,2,19,18,3,2,19,43,2,8,22,14,0,18,19,20,21,18,19,11,10,43,2,14,23,10,0,18,21,22,23,18,10,17,20,43,2,10,19,6,0,18,23,4,3,18,20,4,3,43,3,9,19,10,0,24,5,4,25,21,5,4,20,43,3,10,23,16,0,24,25,26,27,21,20,17,16,43,3,16,24,12,0,24,27,28,29,21,16,15,22,43,3,12,20,9,0,24,29,6,5,21,22,6,5,43,4,11,20,12,0,30,7,6,31,23,7,6,22,43,4,12,24,17,0,30,31,15,14,23,22,15,14,43,4,17,25,13,0,30,14,13,32,23,14,13,24,43,4,13,21,11,0,30,32,8,7,23,24,8,7,43,5,15,22,8,0,33,34,35,36,25,12,11,19,43,5,8,18,7,0,33,36,2,1,25,19,2,1,43,5,7,21,13,0,33,1,8,37,25,1,8,24,43,5,13,25,15,0,33,37,38,34,25,24,13,12],
    "metadata":{
        "type":"Geometry",
        "uvs":1,
        "materials":1,
        "vertices":26,
        "generator":"io_three",
        "normals":26,
        "faces":24,
        "version":3
    },
    "materials":[{
        "doubleSided":true,
        "DbgName":"ice1.008",
        "colorEmissive":[0,0,0],
        "depthWrite":true,
        "mapNormalWrap":["RepeatWrapping","RepeatWrapping"],
        "colorDiffuse":[0.8,0.8,0.8],
        "mapDiffuseWrap":["RepeatWrapping","RepeatWrapping"],
        "mapNormalRepeat":[1,1],
        "mapNormal":"asteroid8-ice-normal.png",
        "specularCoef":50,
        "mapNormalAnisotropy":1,
        "shading":"phong",
        "mapDiffuse":"asteroid8-ice-color.png",
        "transparent":true,
        "opacity":0.95,
        "blending":"NormalBlending",
        "wireframe":false,
        "depthTest":true,
        "DbgIndex":0,
        "mapDiffuseAnisotropy":1,
        "visible":true,
        "mapNormalFactor":[2,2],
        "colorSpecular":[0.2,0.2,0.2],
        "DbgColor":15658734,
        "mapDiffuseRepeat":[1,1]
    }]
}