{
    "vertices":[0.08291,-4.6594,0.194645,-0.54656,5.39244,0.085199,5.80773,-1.37179,-1.0496,-0.73937,1.83582,6.59429,-6.27138,2.10483,1.32944,0.27572,-1.10278,-6.31445,4.88105,-5.0941,-0.182575,0.517691,-4.75785,-4.93595,5.39139,-2.77384,-6.30819,-0.509238,-2.04799,5.29788,3.2043,0.899418,4.80375,-4.8726,-1.71173,0.544503,-4.42927,2.03758,5.15765,-5.09372,1.30293,-3.09352,3.71464,3.21968,-1.32186,-0.220024,3.28693,-4.46577,-0.715729,4.98498,4.66353,-4.65039,5.05223,1.51962,4.11046,-4.8188,-4.28194,2.7948,-2.30837,3.77076,-3.59073,-0.685537,3.98686,-3.54242,-1.88992,-2.79439,3.33412,1.3348,-4.56716,2.25456,3.39554,2.99464,-3.5138,4.32957,4.15047,-3.70159,3.57488,-2.13987],
    "uvs":[[0.223828,0.226105,0.109582,0.095568,0.215783,0.023297,0.334921,0.109264,0.380511,0.285647,0.311309,0.372277,0.227483,0.441006,0.109296,0.386723,0.045231,0.27544,0.487116,0.628781,0.623658,0.584074,0.715956,0.6771,0.588462,0.730235,0.450437,0.766154,0.377026,0.664486,0.339035,0.589575,0.403952,0.538237,0.507267,0.480168,0.764214,0.498306,0.858007,0.390183,0.945289,0.526232,0.903335,0.641432,0.552015,0.364575,0.672238,0.308439,0.356748,0.464882,0.456861,0.375652,0.270067,0.534456,0.312755,0.717878,0.222964,0.806478,0.176855,0.683169,0.252293,0.609737,0.384257,0.846079,0.282038,0.918174,0.699909,0.829347,0.88157,0.768712,0.900475,0.886832,0.774799,0.94541,0.57269,0.961469,0.467625,0.87548]],
    "name":"Cube.025Geometry",
    "normals":[-0.268319,-0.939268,0.213813,-0.314402,-0.787988,-0.529344,0.40965,-0.823298,-0.392834,0.577166,-0.770409,0.270699,0.488083,-0.534104,0.690237,-0.111209,-0.632496,0.766503,-0.607257,-0.559557,0.563982,-0.773034,-0.627552,0.092624,-0.711753,-0.570086,-0.410321,0.137028,0.978515,-0.153935,0.693777,0.710349,-0.118442,0.525285,0.590594,-0.612568,-0.027619,0.696951,-0.716544,-0.488632,0.676565,-0.550859,-0.573901,0.818903,0.004151,-0.442854,0.723441,0.529618,0.156407,0.825526,0.542192,0.66335,0.665334,0.342418,0.991913,0.077639,0.100101,0.655934,-0.104282,-0.747551,0.71392,0.134281,0.687185,0.043092,0.118137,0.992035,-0.676595,0.050844,0.73455,-0.993439,0.088778,0.071963,-0.790429,0.077425,-0.607593,-0.231239,-0.00116,-0.972869],
    "faces":[43,0,7,18,6,0,0,1,2,3,0,1,2,3,43,0,6,19,9,0,0,3,4,5,0,3,4,5,43,0,9,20,11,0,0,5,6,7,0,5,6,7,43,0,11,21,7,0,0,7,8,1,0,7,8,1,43,1,14,22,15,0,9,10,11,12,9,10,11,12,43,1,15,25,17,0,9,12,13,14,9,12,13,14,43,1,17,24,16,0,9,14,15,16,9,14,15,16,43,1,16,23,14,0,9,16,17,10,9,16,17,10,43,2,6,18,8,0,18,19,20,21,18,3,2,19,43,2,8,22,14,0,18,21,11,10,18,19,11,10,43,2,14,23,10,0,18,10,17,22,18,10,17,20,43,2,10,19,6,0,18,22,23,19,18,20,4,3,43,3,9,19,10,0,24,5,4,25,21,5,4,20,43,3,10,23,16,0,24,25,17,16,21,20,17,16,43,3,16,24,12,0,24,16,15,26,21,16,15,22,43,3,12,20,9,0,24,26,6,5,21,22,6,5,43,4,11,20,12,0,27,28,29,30,23,7,6,22,43,4,12,24,17,0,27,30,15,14,23,22,15,14,43,4,17,25,13,0,27,14,13,31,23,14,13,24,43,4,13,21,11,0,27,31,32,28,23,24,8,7,43,5,15,22,8,0,33,12,11,34,25,12,11,19,43,5,8,18,7,0,33,34,35,36,25,19,2,1,43,5,7,21,13,0,33,36,37,38,25,1,8,24,43,5,13,25,15,0,33,38,13,12,25,24,13,12],
    "metadata":{
        "type":"Geometry",
        "uvs":1,
        "materials":1,
        "vertices":26,
        "generator":"io_three",
        "normals":26,
        "faces":24,
        "version":3
    },
    "materials":[{
        "doubleSided":true,
        "DbgName":"rock1.008",
        "colorEmissive":[0,0,0],
        "depthWrite":true,
        "mapNormalWrap":["RepeatWrapping","RepeatWrapping"],
        "colorDiffuse":[0.8,0.8,0.8],
        "mapDiffuseWrap":["RepeatWrapping","RepeatWrapping"],
        "mapNormalRepeat":[1,1],
        "mapNormal":"asteroid9-normal.png",
        "specularCoef":50,
        "mapNormalAnisotropy":1,
        "shading":"phong",
        "mapDiffuse":"asteroid9-color.png",
        "transparent":false,
        "opacity":1,
        "blending":"NormalBlending",
        "wireframe":false,
        "depthTest":true,
        "DbgIndex":0,
        "mapDiffuseAnisotropy":1,
        "visible":true,
        "mapNormalFactor":[2,2],
        "colorSpecular":[0.05,0.05,0.05],
        "DbgColor":15658734,
        "mapDiffuseRepeat":[1,1]
    }]
}