{
    "vertices":[-0.291045,-3.60033,0.586948,-0.219602,3.75658,-0.187644,1.62044,-0.842541,3.10948,-3.57128,-0.913906,2.80655,-2.13109,0.998789,-2.71018,3.06063,1.07015,-2.40725,0.836234,-3.33738,2.66995,2.14091,-2.24081,-1.34743,3.99007,0.15563,0.297519,-2.70513,-3.12062,2.32768,-1.68707,-1.38038,4.46653,-1.40046,-2.02405,-1.6897,-3.79751,0.048583,-0.156873,0.473216,1.48866,-3.80857,1.46677,2.11263,2.0941,2.32238,3.8851,-2.16362,-2.77945,1.78882,1.98198,-1.92383,3.5613,-2.27574,2.60876,-2.03528,0.576774,-1.33133,-2.88853,3.48374,-2.84656,-1.87432,0.137901,0.468459,-1.06371,-2.53914,2.96171,2.29214,0.044158,-1.09206,0.898237,3.16023,-3.12013,1.97259,-0.190142,0.308569,3.32386,-3.07629],
    "uvs":[[0.570115,0.634373,0.66929,0.522552,0.729153,0.605651,0.627279,0.706554,0.542256,0.785054,0.480056,0.71916,0.412048,0.606424,0.501822,0.517132,0.586519,0.433798,0.264942,0.220161,0.102186,0.134774,0.216341,0.028529,0.38023,0.080002,0.431626,0.210195,0.352249,0.300108,0.260329,0.408198,0.128876,0.388732,0.02773,0.300199,0.723601,0.764997,0.878459,0.631766,0.968192,0.735975,0.867662,0.842787,0.720669,0.930489,0.579474,0.879186,0.381152,0.761947,0.473625,0.873003,0.307513,0.919153,0.22328,0.802032,0.160738,0.678482,0.277374,0.625659,0.41945,0.386749,0.308068,0.526697,0.522824,0.280147,0.755353,0.376613,0.827328,0.236137,0.904784,0.381505,0.848748,0.513298,0.633309,0.27542,0.70565,0.187402]],
    "name":"Cube.044Geometry",
    "normals":[-0.014008,-0.97354,-0.227943,0.493667,-0.696982,-0.520035,0.775994,-0.625324,0.082217,0.421857,-0.77633,0.468307,-0.108676,-0.710166,0.695578,-0.614582,-0.770714,0.168126,-0.73809,-0.572283,-0.35725,-0.374889,-0.645497,-0.665365,0.054018,-0.533158,-0.844264,-0.078372,0.952483,0.294229,0.362407,0.618336,0.697348,0.759575,0.573382,0.306955,0.537461,0.78637,-0.304514,-0.009186,0.658589,-0.752434,-0.559587,0.71572,-0.417829,-0.845698,0.532945,-0.027345,-0.581286,0.640889,0.501328,-0.07358,0.553392,0.829646,0.592334,-0.021912,0.805383,0.983276,-0.052614,0.174261,-0.180578,-0.045595,0.982482,-0.879299,-0.029267,0.475356,-0.967803,-0.056398,-0.245247,-0.623859,-0.074404,-0.777947,0.053835,-0.037843,-0.997803,0.78045,-0.030702,-0.624439],
    "faces":[43,0,7,18,6,0,0,1,2,3,0,1,2,3,43,0,6,19,9,0,0,3,4,5,0,3,4,5,43,0,9,20,11,0,0,5,6,7,0,5,6,7,43,0,11,21,7,0,0,7,8,1,0,7,8,1,43,1,14,22,15,0,9,10,11,12,9,10,11,12,43,1,15,25,17,0,9,12,13,14,9,12,13,14,43,1,17,24,16,0,9,14,15,16,9,14,15,16,43,1,16,23,14,0,9,16,17,10,9,16,17,10,43,2,6,18,8,0,18,3,2,19,18,3,2,19,43,2,8,22,14,0,18,19,20,21,18,19,11,10,43,2,14,23,10,0,18,21,22,23,18,10,17,20,43,2,10,19,6,0,18,23,4,3,18,20,4,3,43,3,9,19,10,0,24,5,4,25,21,5,4,20,43,3,10,23,16,0,24,25,26,27,21,20,17,16,43,3,16,24,12,0,24,27,28,29,21,16,15,22,43,3,12,20,9,0,24,29,6,5,21,22,6,5,43,4,11,20,12,0,30,7,6,31,23,7,6,22,43,4,12,24,17,0,30,31,15,14,23,22,15,14,43,4,17,25,13,0,30,14,13,32,23,14,13,24,43,4,13,21,11,0,30,32,8,7,23,24,8,7,43,5,15,22,8,0,33,34,35,36,25,12,11,19,43,5,8,18,7,0,33,36,2,1,25,19,2,1,43,5,7,21,13,0,33,1,8,37,25,1,8,24,43,5,13,25,15,0,33,37,38,34,25,24,13,12],
    "metadata":{
        "type":"Geometry",
        "uvs":1,
        "materials":1,
        "vertices":26,
        "generator":"io_three",
        "normals":26,
        "faces":24,
        "version":3
    },
    "materials":[{
        "doubleSided":true,
        "DbgName":"ice1.007",
        "colorEmissive":[0,0,0],
        "depthWrite":true,
        "mapNormalWrap":["RepeatWrapping","RepeatWrapping"],
        "colorDiffuse":[0.8,0.8,0.8],
        "mapDiffuseWrap":["RepeatWrapping","RepeatWrapping"],
        "mapNormalRepeat":[1,1],
        "mapNormal":"asteroid7-normal.png",
        "specularCoef":50,
        "mapNormalAnisotropy":1,
        "shading":"phong",
        "mapDiffuse":"asteroid7-ice-color.png",
        "transparent":true,
        "opacity":0.95,
        "blending":"NormalBlending",
        "wireframe":false,
        "depthTest":true,
        "DbgIndex":0,
        "mapDiffuseAnisotropy":1,
        "visible":true,
        "mapNormalFactor":[2,2],
        "colorSpecular":[0.2,0.2,0.2],
        "DbgColor":15658734,
        "mapDiffuseRepeat":[1,1]
    }]
}