{
    "vertices":[0.40796,-2.41402,-0.165368,-0.385102,2.60874,-0.013997,2.64166,0.515695,-0.373323,-0.469324,-0.079144,2.95641,-2.6188,-0.320975,0.193958,0.492182,0.273864,-3.13578,2.31936,-1.60245,-0.262284,0.57883,-1.64092,-2.57204,2.3774,0.631741,-2.8901,0.038824,-1.93143,2.27915,1.59079,0.190481,2.28527,-1.70171,-1.96991,-0.030609,-2.28906,-0.260517,2.10451,-1.63342,-0.172265,-1.85841,1.64883,2.42467,-0.342542,0.165157,2.1004,-2.17647,-0.737095,1.86139,2.11063,-2.22077,1.53712,0.276705,1.95118,-0.980228,-2.13591,1.4684,-1.26624,1.64342,-1.45863,-1.53703,1.60302,-1.03406,-1.40792,-1.63745,1.55743,1.91433,-2.01259,0.913655,1.65121,1.51604,-1.94606,1.14926,1.64789,-1.36049,1.25549,-1.34187],
    "uvs":[[0.587094,0.608355,0.684664,0.504833,0.774605,0.566464,0.686721,0.670676,0.587649,0.77778,0.489451,0.712765,0.401159,0.63596,0.479598,0.538704,0.570789,0.447834,0.216653,0.248863,0.135779,0.094334,0.269914,0.011161,0.350082,0.110481,0.391945,0.281242,0.289226,0.385547,0.21503,0.468092,0.100665,0.403972,0.028545,0.257764,0.796795,0.744043,0.916846,0.600529,0.972951,0.728548,0.910205,0.851359,0.772614,0.945925,0.645935,0.887474,0.405243,0.797667,0.528497,0.886667,0.427195,0.983992,0.307543,0.912903,0.239571,0.816383,0.292505,0.706862,0.377875,0.475035,0.279178,0.579477,0.503504,0.354217,0.756591,0.410648,0.804089,0.272017,0.89628,0.332639,0.881506,0.469027,0.594353,0.343862,0.65832,0.243037]],
    "name":"Cube.020Geometry",
    "normals":[0.099368,-0.994079,-0.043672,-0.002014,-0.699454,-0.714621,0.663198,-0.537889,-0.520371,0.787561,-0.614246,0.048982,0.658956,-0.512162,0.550829,0.065249,-0.745811,0.662923,-0.534776,-0.715873,0.448897,-0.608722,-0.785852,-0.108707,-0.532365,-0.617298,-0.579241,-0.210273,0.977477,0.017212,0.541856,0.834864,0.096744,0.439772,0.760918,-0.477035,-0.233345,0.743858,-0.62624,-0.683248,0.490555,-0.540788,-0.807489,0.58565,-0.070284,-0.711783,0.506241,0.486831,-0.160314,0.724082,0.670797,0.454024,0.674245,0.582415,0.97882,0.161901,0.125034,0.696188,0.160039,-0.699759,0.661428,0.122898,0.73983,-0.06296,0.001801,0.997986,-0.783105,-0.119449,0.610248,-0.983581,-0.13834,-0.115848,-0.737449,-0.04828,-0.673635,-0.153203,0.05118,-0.986847],
    "faces":[43,0,7,18,6,0,0,1,2,3,0,1,2,3,43,0,6,19,9,0,0,3,4,5,0,3,4,5,43,0,9,20,11,0,0,5,6,7,0,5,6,7,43,0,11,21,7,0,0,7,8,1,0,7,8,1,43,1,14,22,15,0,9,10,11,12,9,10,11,12,43,1,15,25,17,0,9,12,13,14,9,12,13,14,43,1,17,24,16,0,9,14,15,16,9,14,15,16,43,1,16,23,14,0,9,16,17,10,9,16,17,10,43,2,6,18,8,0,18,3,2,19,18,3,2,19,43,2,8,22,14,0,18,19,20,21,18,19,11,10,43,2,14,23,10,0,18,21,22,23,18,10,17,20,43,2,10,19,6,0,18,23,4,3,18,20,4,3,43,3,9,19,10,0,24,5,4,25,21,5,4,20,43,3,10,23,16,0,24,25,26,27,21,20,17,16,43,3,16,24,12,0,24,27,28,29,21,16,15,22,43,3,12,20,9,0,24,29,6,5,21,22,6,5,43,4,11,20,12,0,30,7,6,31,23,7,6,22,43,4,12,24,17,0,30,31,15,14,23,22,15,14,43,4,17,25,13,0,30,14,13,32,23,14,13,24,43,4,13,21,11,0,30,32,8,7,23,24,8,7,43,5,15,22,8,0,33,34,35,36,25,12,11,19,43,5,8,18,7,0,33,36,2,1,25,19,2,1,43,5,7,21,13,0,33,1,8,37,25,1,8,24,43,5,13,25,15,0,33,37,38,34,25,24,13,12],
    "metadata":{
        "type":"Geometry",
        "uvs":1,
        "materials":1,
        "vertices":26,
        "generator":"io_three",
        "normals":26,
        "faces":24,
        "version":3
    },
    "materials":[{
        "doubleSided":true,
        "DbgName":"rock1.004",
        "colorEmissive":[0,0,0],
        "depthWrite":true,
        "mapNormalWrap":["RepeatWrapping","RepeatWrapping"],
        "colorDiffuse":[0.8,0.8,0.8],
        "mapDiffuseWrap":["RepeatWrapping","RepeatWrapping"],
        "mapNormalRepeat":[1,1],
        "mapNormal":"asteroid5-normal.png",
        "specularCoef":50,
        "mapNormalAnisotropy":1,
        "shading":"phong",
        "mapDiffuse":"asteroid5-color.png",
        "transparent":false,
        "opacity":1,
        "blending":"NormalBlending",
        "wireframe":false,
        "depthTest":true,
        "DbgIndex":0,
        "mapDiffuseAnisotropy":1,
        "visible":true,
        "mapNormalFactor":[2,2],
        "colorSpecular":[0.05,0.05,0.05],
        "DbgColor":15658734,
        "mapDiffuseRepeat":[1,1]
    }]
}