{
    "vertices":[10.7519,0.387017,4.7351,-11.1964,0.3141,-3.75826,3.61272,6.28299,-6.72548,0.594827,6.13719,4.45127,-4.05724,-5.58187,7.70231,-1.03935,-5.43607,-3.47443,8.22659,5.35606,-1.43668,8.64382,-4.192,-0.830643,3.90295,0.583537,-8.08402,7.37285,4.94781,8.17751,1.40499,9.01623,-1.75998,7.79007,-4.60026,8.78354,-0.62388,0.36483,8.68109,-5.57311,-8.56236,3.11658,-2.91865,4.2437,-8.40733,-10.314,-3.78682,-4.1368,-6.59174,4.43325,-1.25639,-13.9871,-3.59727,3.01414,7.75203,0.639606,-3.9934,5.89537,7.16369,1.94028,5.65186,0.211909,9.51998,4.19865,-6.53195,3.92388,-3.1884,0.333405,-7.61716,-2.82586,6.44872,-4.40692,-7.79466,0.437092,3.70668,-11.4671,-5.898,0.83401],
    "uvs":[[0.376843,0.803689,0.255484,0.857797,0.221997,0.745635,0.30431,0.675026,0.389913,0.647495,0.45014,0.747059,0.499704,0.816158,0.445988,0.907538,0.336231,0.970397,0.711968,0.437513,0.519617,0.369046,0.588676,0.314233,0.765088,0.373726,0.869184,0.435756,0.855932,0.527386,0.706304,0.60471,0.609784,0.506925,0.510959,0.467891,0.38615,0.481584,0.309482,0.590885,0.24734,0.488314,0.325173,0.412216,0.410192,0.308407,0.466645,0.376794,0.44791,0.550016,0.507658,0.646009,0.594433,0.743085,0.718665,0.775389,0.532354,0.924928,0.875148,0.599049,0.910313,0.682691,0.828854,0.813022,0.666422,0.948919,0.258362,0.25882,0.395586,0.106905,0.126652,0.438943,0.060982,0.293066,0.171413,0.092967,0.307646,0.017563]],
    "name":"Cube.021Geometry",
    "normals":[0.980377,-0.002594,0.197028,0.701498,-0.613819,-0.362072,0.77514,-0.14893,-0.613941,0.80874,0.511948,-0.289499,0.426435,0.892636,0.145909,0.403912,0.630482,0.662801,0.174139,0.15479,0.972472,0.512589,-0.528977,0.67629,0.328196,-0.942137,0.067782,-0.82168,0.352275,-0.448012,-0.282113,0.457991,-0.842982,-0.162206,-0.277718,-0.946837,-0.494461,-0.518784,-0.697378,-0.610767,-0.781732,-0.125797,-0.923002,-0.049593,0.381573,-0.548509,0.567675,0.613849,-0.586627,0.798914,0.132481,-0.418226,0.879147,-0.22837,0.343608,0.607654,-0.715995,0.370128,-0.237709,-0.898038,-0.048524,0.997406,-0.053011,-0.294656,0.797296,0.526719,-0.3108,0.301279,0.901425,-0.267312,-0.459853,0.846767,-0.158849,-0.984283,0.076968,0.09772,-0.8034,-0.587329],
    "faces":[43,0,7,18,6,0,0,1,2,3,0,1,2,3,43,0,6,19,9,0,0,3,4,5,0,3,4,5,43,0,9,20,11,0,0,5,6,7,0,5,6,7,43,0,11,21,7,0,0,7,8,1,0,7,8,1,43,1,14,22,15,0,9,10,11,12,9,10,11,12,43,1,15,25,17,0,9,12,13,14,9,12,13,14,43,1,17,24,16,0,9,14,15,16,9,14,15,16,43,1,16,23,14,0,9,16,17,10,9,16,17,10,43,2,6,18,8,0,18,19,20,21,18,3,2,19,43,2,8,22,14,0,18,21,22,23,18,19,11,10,43,2,14,23,10,0,18,23,17,24,18,10,17,20,43,2,10,19,6,0,18,24,4,19,18,20,4,3,43,3,9,19,10,0,25,5,4,24,21,5,4,20,43,3,10,23,16,0,25,24,17,16,21,20,17,16,43,3,16,24,12,0,25,16,15,26,21,16,15,22,43,3,12,20,9,0,25,26,6,5,21,22,6,5,43,4,11,20,12,0,27,28,6,26,23,7,6,22,43,4,12,24,17,0,27,26,15,29,23,22,15,14,43,4,17,25,13,0,27,29,30,31,23,14,13,24,43,4,13,21,11,0,27,31,32,28,23,24,8,7,43,5,15,22,8,0,33,34,22,21,25,12,11,19,43,5,8,18,7,0,33,21,20,35,25,19,2,1,43,5,7,21,13,0,33,35,36,37,25,1,8,24,43,5,13,25,15,0,33,37,38,34,25,24,13,12],
    "metadata":{
        "type":"Geometry",
        "uvs":1,
        "materials":1,
        "vertices":26,
        "generator":"io_three",
        "normals":26,
        "faces":24,
        "version":3
    },
    "materials":[{
        "doubleSided":true,
        "DbgName":"rock1.010",
        "colorEmissive":[0,0,0],
        "depthWrite":true,
        "mapNormalWrap":["RepeatWrapping","RepeatWrapping"],
        "colorDiffuse":[0.8,0.8,0.8],
        "mapDiffuseWrap":["RepeatWrapping","RepeatWrapping"],
        "mapNormalRepeat":[1,1],
        "mapNormal":"asteroid11-normal.png",
        "specularCoef":50,
        "mapNormalAnisotropy":1,
        "shading":"phong",
        "mapDiffuse":"asteroid11-color.png",
        "transparent":false,
        "opacity":1,
        "blending":"NormalBlending",
        "wireframe":false,
        "depthTest":true,
        "DbgIndex":0,
        "mapDiffuseAnisotropy":1,
        "visible":true,
        "mapNormalFactor":[2,2],
        "colorSpecular":[0.05,0.05,0.05],
        "DbgColor":15658734,
        "mapDiffuseRepeat":[1,1]
    }]
}