{
    "vertices":[0.256392,-3.60033,0.602892,-0.285373,3.75658,0.044692,3.41567,-0.842542,0.792402,-0.192083,-0.913906,4.53805,-3.44465,0.99879,-0.144818,0.163101,1.07015,-3.89046,2.57167,-3.33738,1.10199,0.369585,-2.24081,-2.50249,2.82186,0.15563,-2.8366,0.007757,-3.12062,3.56872,2.2944,-1.38038,4.1871,-2.19433,-2.02405,-0.035758,-2.58977,0.048583,2.78187,-2.58445,1.48866,-2.8372,2.54458,2.11263,0.248507,-0.132179,3.8851,-3.17131,-0.303126,1.78882,3.40024,-2.97989,3.5613,-0.019573,2.13526,-2.03528,-1.60591,1.77948,-2.88853,3.27755,-1.74723,-1.87432,2.25147,-1.62352,-1.06371,-2.00771,1.96041,2.29214,-2.22047,1.68947,0.898237,2.88536,-2.17434,1.97259,2.2458,-2.13546,3.32386,-2.23575],
    "uvs":[[0.570115,0.634373,0.66929,0.522552,0.729153,0.605651,0.627279,0.706554,0.542256,0.785054,0.480056,0.71916,0.412048,0.606424,0.501822,0.517132,0.586519,0.433798,0.264942,0.220161,0.102186,0.134774,0.216341,0.028529,0.38023,0.080002,0.431626,0.210195,0.352249,0.300108,0.260329,0.408198,0.128876,0.388732,0.02773,0.300199,0.723601,0.764997,0.878459,0.631766,0.968192,0.735975,0.867662,0.842787,0.720669,0.930489,0.579474,0.879186,0.381152,0.761947,0.473625,0.873003,0.307513,0.919153,0.22328,0.802032,0.160738,0.678482,0.277374,0.625659,0.41945,0.386749,0.308068,0.526697,0.522824,0.280147,0.755353,0.376613,0.827328,0.236137,0.904784,0.381505,0.848748,0.513298,0.633309,0.27542,0.70565,0.187402]],
    "name":"Cube.028Geometry",
    "normals":[-0.182226,-0.97354,-0.137638,-0.073733,-0.696982,-0.713248,0.567309,-0.625324,-0.535783,0.630116,-0.77633,-0.015687,0.457503,-0.710166,0.535081,-0.272164,-0.770714,0.576128,-0.751518,-0.572283,0.328104,-0.749199,-0.645497,-0.148167,-0.605976,-0.533158,-0.590289,0.17246,0.952483,0.250954,0.765343,0.618336,0.178442,0.727287,0.573382,-0.377117,0.118412,0.78637,-0.606281,-0.57741,0.658589,-0.482528,-0.681387,0.71572,0.153111,-0.570971,0.532945,0.624439,0.002533,0.640889,0.767602,0.582171,0.553392,0.59563,0.996979,-0.021912,0.074129,0.772057,-0.052614,-0.63332,0.62862,-0.045595,0.77633,-0.211035,-0.029267,0.97702,-0.815882,-0.056398,0.575396,-0.996673,-0.074404,-0.032319,-0.722709,-0.037843,-0.690085,0.033509,-0.030702,-0.998962],
    "faces":[43,0,7,18,6,0,0,1,2,3,0,1,2,3,43,0,6,19,9,0,0,3,4,5,0,3,4,5,43,0,9,20,11,0,0,5,6,7,0,5,6,7,43,0,11,21,7,0,0,7,8,1,0,7,8,1,43,1,14,22,15,0,9,10,11,12,9,10,11,12,43,1,15,25,17,0,9,12,13,14,9,12,13,14,43,1,17,24,16,0,9,14,15,16,9,14,15,16,43,1,16,23,14,0,9,16,17,10,9,16,17,10,43,2,6,18,8,0,18,3,2,19,18,3,2,19,43,2,8,22,14,0,18,19,20,21,18,19,11,10,43,2,14,23,10,0,18,21,22,23,18,10,17,20,43,2,10,19,6,0,18,23,4,3,18,20,4,3,43,3,9,19,10,0,24,5,4,25,21,5,4,20,43,3,10,23,16,0,24,25,26,27,21,20,17,16,43,3,16,24,12,0,24,27,28,29,21,16,15,22,43,3,12,20,9,0,24,29,6,5,21,22,6,5,43,4,11,20,12,0,30,7,6,31,23,7,6,22,43,4,12,24,17,0,30,31,15,14,23,22,15,14,43,4,17,25,13,0,30,14,13,32,23,14,13,24,43,4,13,21,11,0,30,32,8,7,23,24,8,7,43,5,15,22,8,0,33,34,35,36,25,12,11,19,43,5,8,18,7,0,33,36,2,1,25,19,2,1,43,5,7,21,13,0,33,1,8,37,25,1,8,24,43,5,13,25,15,0,33,37,38,34,25,24,13,12],
    "metadata":{
        "type":"Geometry",
        "uvs":1,
        "materials":1,
        "vertices":26,
        "generator":"io_three",
        "normals":26,
        "faces":24,
        "version":3
    },
    "materials":[{
        "doubleSided":true,
        "DbgName":"rock1.006",
        "colorEmissive":[0,0,0],
        "depthWrite":true,
        "mapNormalWrap":["RepeatWrapping","RepeatWrapping"],
        "colorDiffuse":[0.8,0.8,0.8],
        "mapDiffuseWrap":["RepeatWrapping","RepeatWrapping"],
        "mapNormalRepeat":[1,1],
        "mapNormal":"asteroid7-normal.png",
        "specularCoef":50,
        "mapNormalAnisotropy":1,
        "shading":"phong",
        "mapDiffuse":"asteroid7-color.png",
        "transparent":false,
        "opacity":1,
        "blending":"NormalBlending",
        "wireframe":false,
        "depthTest":true,
        "DbgIndex":0,
        "mapDiffuseAnisotropy":1,
        "visible":true,
        "mapNormalFactor":[2,2],
        "colorSpecular":[0.05,0.05,0.05],
        "DbgColor":15658734,
        "mapDiffuseRepeat":[1,1]
    }]
}