{
    "vertices":[-0.677662,-12.1362,0.111285,-0.104379,11.948,1.20427,11.8425,-1.91074,-0.288093,-1.87275,-2.83024,11.628,-12.6246,1.7226,1.60365,1.09071,2.6421,-10.3124,8.29954,-10.9949,-0.842943,0.923602,-7.02649,-7.77186,8.52197,0.241048,-9.15132,-2.13561,-11.2248,8.26767,9.04631,-3.15418,9.04807,-9.51154,-7.25637,1.33876,-12.051,-1.13821,8.7228,-7.08142,3.67507,-5.98844,9.26875,8.0818,0.739692,0.516953,10.9426,-7.36791,-0.869032,6.93243,9.5032,-9.62083,9.79323,1.3956,6.52499,-6.63519,-6.73058,5.72765,-9.40207,6.04889,-8.84638,-7.24819,6.66378,-5.60733,-3.85107,-4.56541,6.71132,7.1536,-5.9691,6.65764,4.47035,7.17997,-8.39573,5.72326,7.11672,-5.90033,9.03677,-4.48205],
    "uvs":[[0.220418,0.210396,0.367737,0.12587,0.411001,0.224712,0.319026,0.290939,0.227213,0.36901,0.09289,0.280699,0.028946,0.142787,0.104416,0.073522,0.250392,0.022031,0.604777,0.573192,0.515668,0.477968,0.603257,0.40204,0.678844,0.493867,0.742454,0.585336,0.680361,0.674148,0.599679,0.756921,0.511602,0.662126,0.424014,0.561567,0.413154,0.380399,0.534027,0.281592,0.296259,0.487025,0.403223,0.763191,0.287381,0.859894,0.213123,0.730808,0.287344,0.615072,0.536226,0.884474,0.413728,0.923921,0.73918,0.781389,0.858339,0.900631,0.783457,0.972356,0.666704,0.896702,0.837355,0.641487,0.932868,0.763631,0.754225,0.394149,0.684504,0.26952,0.814284,0.196295,0.893456,0.27634,0.953501,0.426252,0.843211,0.540208]],
    "name":"Cube.024Geometry",
    "normals":[-0.178503,-0.95526,-0.235725,-0.187201,-0.557482,-0.808802,0.436964,-0.543168,-0.716941,0.597613,-0.78576,-0.159246,0.486587,-0.702475,0.519364,-0.13535,-0.80575,0.576556,-0.664327,-0.628285,0.404797,-0.74514,-0.599353,-0.292398,-0.597125,-0.386273,-0.702994,0.08066,0.979125,0.186468,0.754295,0.645497,0.119602,0.622303,0.590411,-0.513901,0.013306,0.772637,-0.634663,-0.541826,0.62743,-0.559221,-0.670492,0.741478,0.025025,-0.50969,0.546739,0.664235,0.043245,0.585376,0.809564,0.572283,0.45912,0.679464,0.997436,-0.066378,-0.026154,0.633168,0.004761,-0.77398,0.68392,-0.117191,0.720054,-0.03122,-0.096469,0.994842,-0.783532,-0.058229,0.61858,-0.981292,0.058718,-0.183294,-0.659139,0.057711,-0.749779,-0.102542,0.073916,-0.991974],
    "faces":[43,0,7,18,6,0,0,1,2,3,0,1,2,3,43,0,6,19,9,0,0,3,4,5,0,3,4,5,43,0,9,20,11,0,0,5,6,7,0,5,6,7,43,0,11,21,7,0,0,7,8,1,0,7,8,1,43,1,14,22,15,0,9,10,11,12,9,10,11,12,43,1,15,25,17,0,9,12,13,14,9,12,13,14,43,1,17,24,16,0,9,14,15,16,9,14,15,16,43,1,16,23,14,0,9,16,17,10,9,16,17,10,43,2,6,18,8,0,18,3,2,19,18,3,2,19,43,2,8,22,14,0,18,19,11,10,18,19,11,10,43,2,14,23,10,0,18,10,17,20,18,10,17,20,43,2,10,19,6,0,18,20,4,3,18,20,4,3,43,3,9,19,10,0,21,22,23,24,21,5,4,20,43,3,10,23,16,0,21,24,17,16,21,20,17,16,43,3,16,24,12,0,21,16,15,25,21,16,15,22,43,3,12,20,9,0,21,25,26,22,21,22,6,5,43,4,11,20,12,0,27,28,29,30,23,7,6,22,43,4,12,24,17,0,27,30,15,14,23,22,15,14,43,4,17,25,13,0,27,14,13,31,23,14,13,24,43,4,13,21,11,0,27,31,32,28,23,24,8,7,43,5,15,22,8,0,33,12,11,34,25,12,11,19,43,5,8,18,7,0,33,34,35,36,25,19,2,1,43,5,7,21,13,0,33,36,37,38,25,1,8,24,43,5,13,25,15,0,33,38,13,12,25,24,13,12],
    "metadata":{
        "type":"Geometry",
        "uvs":1,
        "materials":1,
        "vertices":26,
        "generator":"io_three",
        "normals":26,
        "faces":24,
        "version":3
    },
    "materials":[{
        "doubleSided":true,
        "DbgName":"rock1.011",
        "colorEmissive":[0,0,0],
        "depthWrite":true,
        "mapNormalWrap":["RepeatWrapping","RepeatWrapping"],
        "colorDiffuse":[0.8,0.8,0.8],
        "mapDiffuseWrap":["RepeatWrapping","RepeatWrapping"],
        "mapNormalRepeat":[1,1],
        "mapNormal":"asteroid12-normal.png",
        "specularCoef":50,
        "mapNormalAnisotropy":1,
        "shading":"phong",
        "mapDiffuse":"asteroid12-color.png",
        "transparent":false,
        "opacity":1,
        "blending":"NormalBlending",
        "wireframe":false,
        "depthTest":true,
        "DbgIndex":0,
        "mapDiffuseAnisotropy":1,
        "visible":true,
        "mapNormalFactor":[2,2],
        "colorSpecular":[0.05,0.05,0.05],
        "DbgColor":15658734,
        "mapDiffuseRepeat":[1,1]
    }]
}