{
    "vertices":[3.39913,0.387017,11.2459,-4.43017,0.3141,-10.9479,7.45791,6.28299,-1.63196,-2.99342,6.13719,3.34769,-8.48895,-5.58187,1.9299,1.96238,-5.43607,-3.04975,6.44322,5.35606,5.3128,6.25442,-4.192,6.02393,8.67846,0.583537,-2.29541,-1.41348,4.94781,10.9194,2.25065,9.01623,-0.078046,-1.60228,-4.60026,11.6305,-6.99854,0.36483,5.17407,-5.99264,-8.56236,-2.20473,4.48589,4.2437,-7.68625,-3.56861,-3.78682,-10.5241,-3.33441,4.43325,-5.82334,-11.3889,-3.59727,-8.66116,8.07611,0.639607,3.28901,2.36199,7.16369,5.73943,-3.55266,0.211909,10.4858,-0.248284,-6.53195,5.74142,3.71031,0.333405,-7.37703,1.50825,6.44872,-5.01315,-7.8861,0.437092,-3.50793,-8.09377,-5.898,-8.16579],
    "uvs":[[0.376843,0.803689,0.255484,0.857797,0.221997,0.745635,0.30431,0.675026,0.389913,0.647495,0.45014,0.747059,0.499704,0.816158,0.445988,0.907538,0.336231,0.970397,0.711968,0.437513,0.519617,0.369046,0.588676,0.314233,0.765088,0.373726,0.869184,0.435756,0.855932,0.527386,0.706304,0.60471,0.609784,0.506925,0.510959,0.467891,0.38615,0.481584,0.309482,0.590885,0.24734,0.488314,0.325173,0.412216,0.410192,0.308407,0.466645,0.376794,0.44791,0.550016,0.507658,0.646009,0.594433,0.743085,0.718665,0.775389,0.532354,0.924928,0.875148,0.599049,0.910313,0.682691,0.828854,0.813022,0.666422,0.948919,0.258362,0.25882,0.395586,0.106905,0.126652,0.438943,0.060982,0.293066,0.171413,0.092967,0.307646,0.017563]],
    "name":"Cube.050Geometry",
    "normals":[0.488174,-0.002594,0.872707,0.731346,-0.613819,0.297159,0.97055,-0.14893,0.189245,0.746025,0.511948,0.425825,0.166631,0.892636,0.418775,-0.240547,0.630482,0.737968,-0.625202,0.15479,0.764916,-0.18009,-0.528977,0.829279,0.162023,-0.942137,0.293344,-0.194311,0.352275,-0.915494,0.456618,0.457991,-0.762688,0.613514,-0.277718,-0.739189,0.207892,-0.518784,-0.829218,-0.301828,-0.781732,-0.545671,-0.890255,-0.049593,-0.452681,-0.823054,0.567675,-0.017151,-0.482284,0.798914,-0.359294,-0.098636,0.879147,-0.466201,0.767296,0.607654,-0.204871,0.922788,-0.237709,-0.30314,0.008667,0.997406,-0.071352,-0.591723,0.797296,0.1189,-0.886776,0.301279,0.350444,-0.81698,-0.459853,0.34788,-0.161779,-0.984283,-0.070559,0.509598,-0.8034,-0.307871],
    "faces":[43,0,7,18,6,0,0,1,2,3,0,1,2,3,43,0,6,19,9,0,0,3,4,5,0,3,4,5,43,0,9,20,11,0,0,5,6,7,0,5,6,7,43,0,11,21,7,0,0,7,8,1,0,7,8,1,43,1,14,22,15,0,9,10,11,12,9,10,11,12,43,1,15,25,17,0,9,12,13,14,9,12,13,14,43,1,17,24,16,0,9,14,15,16,9,14,15,16,43,1,16,23,14,0,9,16,17,10,9,16,17,10,43,2,6,18,8,0,18,19,20,21,18,3,2,19,43,2,8,22,14,0,18,21,22,23,18,19,11,10,43,2,14,23,10,0,18,23,17,24,18,10,17,20,43,2,10,19,6,0,18,24,4,19,18,20,4,3,43,3,9,19,10,0,25,5,4,24,21,5,4,20,43,3,10,23,16,0,25,24,17,16,21,20,17,16,43,3,16,24,12,0,25,16,15,26,21,16,15,22,43,3,12,20,9,0,25,26,6,5,21,22,6,5,43,4,11,20,12,0,27,28,6,26,23,7,6,22,43,4,12,24,17,0,27,26,15,29,23,22,15,14,43,4,17,25,13,0,27,29,30,31,23,14,13,24,43,4,13,21,11,0,27,31,32,28,23,24,8,7,43,5,15,22,8,0,33,34,22,21,25,12,11,19,43,5,8,18,7,0,33,21,20,35,25,19,2,1,43,5,7,21,13,0,33,35,36,37,25,1,8,24,43,5,13,25,15,0,33,37,38,34,25,24,13,12],
    "metadata":{
        "type":"Geometry",
        "uvs":1,
        "materials":1,
        "vertices":26,
        "generator":"io_three",
        "normals":26,
        "faces":24,
        "version":3
    },
    "materials":[{
        "doubleSided":true,
        "DbgName":"ice1.011",
        "colorEmissive":[0,0,0],
        "depthWrite":true,
        "mapNormalWrap":["RepeatWrapping","RepeatWrapping"],
        "colorDiffuse":[0.8,0.8,0.8],
        "mapDiffuseWrap":["RepeatWrapping","RepeatWrapping"],
        "mapNormalRepeat":[1,1],
        "mapNormal":"asteroid11-ice-normal.png",
        "specularCoef":50,
        "mapNormalAnisotropy":1,
        "shading":"phong",
        "mapDiffuse":"asteroid11-ice-color.png",
        "transparent":true,
        "opacity":0.95,
        "blending":"NormalBlending",
        "wireframe":false,
        "depthTest":true,
        "DbgIndex":0,
        "mapDiffuseAnisotropy":1,
        "visible":true,
        "mapNormalFactor":[2,2],
        "colorSpecular":[0.2,0.2,0.2],
        "DbgColor":15658734,
        "mapDiffuseRepeat":[1,1]
    }]
}