{
    "vertices":[-1.40149,0.052853,-0.086985,-0.047748,0.40065,-1.24243,1.47537,-0.052854,0.125829,0.244552,-0.40065,1.3459,-0.047748,-1.42428,0.234699,0.085489,1.56198,-0.306483,-1.10256,1.19805,-0.157236,-1.03618,0.423822,-1.10028,-1.03618,-1.11877,0.007565,-1.2449,-0.219431,0.97799,0.055737,1.285,-1.14192,0.964555,0.177153,-0.763363,-0.12736,-0.684025,-0.721725,1.13065,1.10887,-0.331144,1.18952,-0.256434,0.921098,1.0429,-1.13719,0.46522,0.054964,0.994004,0.715542,0.125322,-1.19849,0.941422,-0.733925,-1.09897,0.767625,-0.815301,-0.505014,-0.686877,0.659649,-0.557953,-0.402537,1.01811,-1.00312,0.966709,-1.15897,0.798089,0.734137,-0.733925,1.0833,-0.87363,0.826851,1.02829,-0.880425,0.820601,0.81626,0.484956],
    "uvs":[[0.769641,0.438991,0.862431,0.294314,0.945335,0.448534,0.869458,0.593753,0.750963,0.652985,0.702391,0.564118,0.615735,0.454068,0.641807,0.298134,0.725131,0.192187,0.612731,0.629896,0.65793,0.71418,0.562714,0.77317,0.483076,0.680948,0.430291,0.57409,0.527975,0.504454,0.356704,0.701851,0.481008,0.827011,0.344286,0.856024,0.240153,0.712727,0.198652,0.606314,0.264351,0.565499,0.250992,0.285479,0.137119,0.36946,0.043947,0.215016,0.122711,0.119068,0.273495,0.020826,0.385666,0.125808,0.429053,0.27438,0.336686,0.354602,0.236709,0.427514,0.416733,0.401803,0.544949,0.328432,0.287278,0.486921,0.707868,0.795266,0.795603,0.92846,0.674989,0.972914,0.57214,0.871495,0.859026,0.717689,0.95278,0.831085]],
    "name":"Cube.029Geometry.1",
    "normals":[-0.985595,-0.074679,-0.151555,-0.724326,-0.067049,0.686148,-0.60857,0.527268,0.592975,-0.688375,0.724998,0.021912,-0.529069,0.598254,-0.601764,-0.633686,-0.009186,-0.773492,-0.457595,-0.527116,-0.716025,-0.641377,-0.734184,-0.222663,-0.500137,-0.683706,0.531388,0.079775,-0.144169,-0.986328,0.070925,0.634449,-0.769677,0.600116,0.422651,-0.679098,0.641865,-0.217597,-0.735282,0.468062,-0.575213,-0.670827,0.086001,-0.627064,-0.774194,0.994903,-0.047975,-0.088443,0.77926,0.624226,-0.054994,0.527787,0.599933,0.601215,0.727378,0.067537,0.682882,0.563952,-0.561907,0.605121,0.642933,-0.758629,-0.105197,0.06885,0.007416,0.997589,0.083865,0.685568,0.723136,-0.009369,-0.749474,0.661916,0.021058,-0.979553,-0.200049,0.064974,0.996277,0.056612],
    "faces":[43,0,9,22,6,0,0,1,2,3,0,1,2,3,43,0,6,23,7,0,0,3,4,5,0,3,4,5,43,0,7,19,8,0,0,5,6,7,0,5,6,7,43,0,8,18,9,0,0,7,8,1,0,7,8,1,43,1,7,23,10,0,9,5,4,10,9,5,4,10,43,1,10,24,11,0,9,10,11,12,9,10,11,12,43,1,11,20,12,0,9,12,13,14,9,12,13,14,43,1,12,19,7,0,9,14,6,5,9,14,6,5,43,2,11,24,13,0,15,12,11,16,15,12,11,16,43,2,13,25,14,0,15,16,17,18,15,16,17,18,43,2,14,21,15,0,15,18,19,20,15,18,19,20,43,2,15,20,11,0,15,20,13,12,15,20,13,12,43,3,14,25,16,0,21,22,23,24,21,18,17,22,43,3,16,22,9,0,21,24,25,26,21,22,2,1,43,3,9,18,17,0,21,26,27,28,21,1,8,23,43,3,17,21,14,0,21,28,29,22,21,23,19,18,43,4,17,18,8,0,30,28,27,31,24,23,8,7,43,4,8,19,12,0,30,31,6,14,24,7,6,14,43,4,12,20,15,0,30,14,13,32,24,14,13,20,43,4,15,21,17,0,30,32,29,28,24,20,19,23,43,5,16,25,13,0,33,34,35,36,25,22,17,16,43,5,13,24,10,0,33,36,11,10,25,16,11,10,43,5,10,23,6,0,33,10,4,37,25,10,4,3,43,5,6,22,16,0,33,37,38,34,25,3,2,22],
    "metadata":{
        "type":"Geometry",
        "uvs":1,
        "materials":1,
        "vertices":26,
        "generator":"io_three",
        "normals":26,
        "faces":24,
        "version":3
    },
    "materials":[{
        "doubleSided":true,
        "DbgName":"rock1.001",
        "colorEmissive":[0,0,0],
        "depthWrite":true,
        "mapNormalWrap":["RepeatWrapping","RepeatWrapping"],
        "colorDiffuse":[0.8,0.8,0.8],
        "mapDiffuseWrap":["RepeatWrapping","RepeatWrapping"],
        "mapNormalRepeat":[1,1],
        "mapNormal":"asteroid2-normal.png",
        "specularCoef":50,
        "mapNormalAnisotropy":1,
        "shading":"phong",
        "mapDiffuse":"asteroid2-color.png",
        "transparent":false,
        "opacity":1,
        "blending":"NormalBlending",
        "wireframe":false,
        "depthTest":true,
        "DbgIndex":0,
        "mapDiffuseAnisotropy":1,
        "visible":true,
        "mapNormalFactor":[2,2],
        "colorSpecular":[0.05,0.05,0.05],
        "DbgColor":15658734,
        "mapDiffuseRepeat":[1,1]
    }]
}