{
    "vertices":[0.255931,-1.94355,-0.234722,-0.255931,1.86999,0.746435,1.38042,-0.34207,1.57723,-1.25848,-0.934682,1.99597,-1.69281,0.34207,-1.00127,1.37779,0.934682,-1.54529,1.0876,-1.95213,0.148493,1.16971,-0.743208,-1.95664,2.08297,0.420458,-0.500996,-0.785812,-1.62648,0.836984,0.290009,-0.933562,2.0029,-0.952391,-1.05626,-1.26815,-1.99302,-0.468461,0.344819,-0.195257,0.981566,-1.94996,0.734346,1.46128,1.35341,0.718005,1.92711,-0.49432,-1.1019,0.659751,1.61397,-1.67774,1.56937,-0.23376,1.71789,-0.935305,-0.873047,0.587754,-1.9158,1.30127,-1.34126,-1.32038,0.020146,-0.005082,-0.395548,-1.92414,1.30648,1.54425,0.146517,-0.153954,0.361554,1.83327,-1.78343,0.950214,0.659326,-0.382016,1.73755,-0.980372],
    "uvs":[[0.520524,0.614298,0.625726,0.46997,0.69073,0.555446,0.580972,0.660741,0.520387,0.765708,0.398677,0.671911,0.355999,0.570549,0.45024,0.477371,0.547007,0.411856,0.223863,0.182825,0.150767,0.089153,0.274671,0.023981,0.3485,0.092102,0.391822,0.213856,0.295133,0.302722,0.209223,0.354113,0.099676,0.291711,0.044044,0.2008,0.693674,0.805838,0.834785,0.626755,0.924485,0.768469,0.857123,0.899303,0.711278,0.97178,0.591506,0.882896,0.30631,0.748225,0.408414,0.853646,0.244818,0.899684,0.159723,0.80375,0.084042,0.683526,0.228482,0.589037,0.366473,0.384641,0.267796,0.493042,0.498696,0.280948,0.706017,0.383719,0.779304,0.274598,0.847598,0.332241,0.789766,0.460451,0.604855,0.296864,0.6851,0.219444]],
    "name":"Cube.041Geometry",
    "normals":[-0.072634,-0.95114,-0.299997,0.402814,-0.392376,-0.826899,0.831477,-0.481643,-0.276833,0.527451,-0.848811,0.03592,0.247139,-0.835841,0.490158,-0.422681,-0.884335,0.198187,-0.66921,-0.725883,-0.158818,-0.511856,-0.582934,-0.63097,-0.1742,-0.28663,-0.942045,-0.124241,0.908811,0.398267,0.383221,0.632191,0.67336,0.689749,0.702231,0.176275,0.2978,0.933653,-0.19895,-0.211737,0.855281,-0.472884,-0.712088,0.692404,-0.116031,-0.843471,0.412946,0.343486,-0.481948,0.418317,0.76989,0.023896,0.317484,0.947935,0.749535,-0.044557,0.660421,0.983673,0.170232,-0.058046,0.212561,-0.323222,0.922117,-0.541459,-0.334819,0.771142,-0.966033,-0.252632,0.05417,-0.823603,0.060213,-0.563921,-0.191015,0.399396,-0.896634,0.578539,0.450026,-0.680227],
    "faces":[43,0,7,18,6,0,0,1,2,3,0,1,2,3,43,0,6,19,9,0,0,3,4,5,0,3,4,5,43,0,9,20,11,0,0,5,6,7,0,5,6,7,43,0,11,21,7,0,0,7,8,1,0,7,8,1,43,1,14,22,15,0,9,10,11,12,9,10,11,12,43,1,15,25,17,0,9,12,13,14,9,12,13,14,43,1,17,24,16,0,9,14,15,16,9,14,15,16,43,1,16,23,14,0,9,16,17,10,9,16,17,10,43,2,6,18,8,0,18,3,2,19,18,3,2,19,43,2,8,22,14,0,18,19,20,21,18,19,11,10,43,2,14,23,10,0,18,21,22,23,18,10,17,20,43,2,10,19,6,0,18,23,4,3,18,20,4,3,43,3,9,19,10,0,24,5,4,25,21,5,4,20,43,3,10,23,16,0,24,25,26,27,21,20,17,16,43,3,16,24,12,0,24,27,28,29,21,16,15,22,43,3,12,20,9,0,24,29,6,5,21,22,6,5,43,4,11,20,12,0,30,7,6,31,23,7,6,22,43,4,12,24,17,0,30,31,15,14,23,22,15,14,43,4,17,25,13,0,30,14,13,32,23,14,13,24,43,4,13,21,11,0,30,32,8,7,23,24,8,7,43,5,15,22,8,0,33,34,35,36,25,12,11,19,43,5,8,18,7,0,33,36,2,1,25,19,2,1,43,5,7,21,13,0,33,1,8,37,25,1,8,24,43,5,13,25,15,0,33,37,38,34,25,24,13,12],
    "metadata":{
        "type":"Geometry",
        "uvs":1,
        "materials":1,
        "vertices":26,
        "generator":"io_three",
        "normals":26,
        "faces":24,
        "version":3
    },
    "materials":[{
        "doubleSided":true,
        "DbgName":"ice1.004",
        "colorEmissive":[0,0,0],
        "depthWrite":true,
        "mapNormalWrap":["RepeatWrapping","RepeatWrapping"],
        "colorDiffuse":[0.8,0.8,0.8],
        "mapDiffuseWrap":["RepeatWrapping","RepeatWrapping"],
        "mapNormalRepeat":[1,1],
        "mapNormal":"asteroid4-ice-normal.png",
        "specularCoef":50,
        "mapNormalAnisotropy":1,
        "shading":"phong",
        "mapDiffuse":"asteroid4-ice-color.png",
        "transparent":true,
        "opacity":0.95,
        "blending":"NormalBlending",
        "wireframe":false,
        "depthTest":true,
        "DbgIndex":0,
        "mapDiffuseAnisotropy":1,
        "visible":true,
        "mapNormalFactor":[2,2],
        "colorSpecular":[0.2,0.2,0.2],
        "DbgColor":15658734,
        "mapDiffuseRepeat":[1,1]
    }]
}