{
    "vertices":[-0.012726,-6.34124,0.326988,-0.582669,6.68042,-0.321983,4.69551,0.339181,5.46468,-5.68261,0,4.48003,-5.29091,-0,-5.45967,5.08721,0.339181,-4.47503,3.80342,-4.67113,4.50474,3.94798,-4.67113,-3.44925,7.18783,0.508772,0.24302,-4.11592,-4.75593,3.94099,-0.293406,0.084796,7.95525,-3.97136,-4.75593,-4.01301,-8.37936,-0,-1.23395,0.294147,0.084795,-6.95431,3.091,5.2647,3.69353,3.53399,5.2647,-3.26203,-4.55684,4.84072,2.78031,-4.11385,4.84072,-4.17525,5.5541,-3.29679,0.43082,-0.158199,-3.48522,6.14802,-6.09781,-3.52291,-0.507913,0.144387,-3.48522,-5.33984,5.1168,4.08821,0.225598,-0.607472,3.74903,5.34373,-6.29378,3.5606,-1.02377,-0.03961,3.74903,-5.25663],
    "uvs":[[0.257919,0.215299,0.344459,0.326093,0.24879,0.399481,0.125715,0.323888,0.070086,0.196984,0.160668,0.081976,0.305909,0.024323,0.403501,0.115311,0.438956,0.251159,0.577521,0.598406,0.481366,0.679042,0.411095,0.588712,0.494273,0.516936,0.586265,0.44188,0.674214,0.521767,0.7495,0.602368,0.661803,0.684043,0.560145,0.766783,0.383267,0.766324,0.271802,0.856887,0.212426,0.729549,0.293634,0.633115,0.486199,0.882969,0.378279,0.940183,0.739425,0.786059,0.82123,0.900336,0.697603,0.972098,0.598351,0.899858,0.861459,0.658495,0.910356,0.778045,0.765571,0.440412,0.859637,0.333057,0.937622,0.438836,0.864951,0.547846,0.646172,0.333719,0.742261,0.261526,0.416448,0.423212,0.307784,0.513516,0.530423,0.329962]],
    "name":"Cube.046Geometry",
    "normals":[0.024354,-0.999695,0.000732,0.530106,-0.698386,-0.480819,0.828639,-0.559374,0.020264,0.512131,-0.692068,0.508652,-0.039369,-0.588977,0.807184,-0.503891,-0.71868,0.479141,-0.761345,-0.647847,-0.024415,-0.404157,-0.74456,-0.531236,0.08121,-0.593524,-0.800684,-0.04355,0.99884,-0.020295,0.413465,0.772301,0.482223,0.765679,0.642567,0.027802,0.485702,0.736808,-0.47026,0.065432,0.577349,-0.813837,-0.427778,0.707694,-0.562243,-0.791284,0.607837,-0.066195,-0.542375,0.724174,0.425855,-0.103763,0.651936,0.751091,0.692892,0.087222,0.71572,0.997528,0.068361,0.015473,-0.058229,0.069124,0.99588,-0.753777,0.026093,0.656575,-0.99527,-0.016602,-0.095706,-0.592486,-0.025086,-0.80517,0.103519,0.002533,-0.994598,0.732322,0.036225,-0.679983],
    "faces":[43,0,7,18,6,0,0,1,2,3,0,1,2,3,43,0,6,19,9,0,0,3,4,5,0,3,4,5,43,0,9,20,11,0,0,5,6,7,0,5,6,7,43,0,11,21,7,0,0,7,8,1,0,7,8,1,43,1,14,22,15,0,9,10,11,12,9,10,11,12,43,1,15,25,17,0,9,12,13,14,9,12,13,14,43,1,17,24,16,0,9,14,15,16,9,14,15,16,43,1,16,23,14,0,9,16,17,10,9,16,17,10,43,2,6,18,8,0,18,19,20,21,18,3,2,19,43,2,8,22,14,0,18,21,11,10,18,19,11,10,43,2,14,23,10,0,18,10,17,22,18,10,17,20,43,2,10,19,6,0,18,22,23,19,18,20,4,3,43,3,9,19,10,0,24,25,26,27,21,5,4,20,43,3,10,23,16,0,24,27,17,16,21,20,17,16,43,3,16,24,12,0,24,16,15,28,21,16,15,22,43,3,12,20,9,0,24,28,29,25,21,22,6,5,43,4,11,20,12,0,30,31,32,33,23,7,6,22,43,4,12,24,17,0,30,33,15,14,23,22,15,14,43,4,17,25,13,0,30,14,13,34,23,14,13,24,43,4,13,21,11,0,30,34,35,31,23,24,8,7,43,5,15,22,8,0,36,12,11,37,25,12,11,19,43,5,8,18,7,0,36,37,2,1,25,19,2,1,43,5,7,21,13,0,36,1,8,38,25,1,8,24,43,5,13,25,15,0,36,38,13,12,25,24,13,12],
    "metadata":{
        "type":"Geometry",
        "uvs":1,
        "materials":1,
        "vertices":26,
        "generator":"io_three",
        "normals":26,
        "faces":24,
        "version":3
    },
    "materials":[{
        "doubleSided":true,
        "DbgName":"ice1.010",
        "colorEmissive":[0,0,0],
        "depthWrite":true,
        "mapNormalWrap":["RepeatWrapping","RepeatWrapping"],
        "colorDiffuse":[0.8,0.8,0.8],
        "mapDiffuseWrap":["RepeatWrapping","RepeatWrapping"],
        "mapNormalRepeat":[1,1],
        "mapNormal":"asteroid10-ice-normal.png",
        "specularCoef":50,
        "mapNormalAnisotropy":1,
        "shading":"phong",
        "mapDiffuse":"asteroid10-ice-color.png",
        "transparent":true,
        "opacity":0.95,
        "blending":"NormalBlending",
        "wireframe":false,
        "depthTest":true,
        "DbgIndex":0,
        "mapDiffuseAnisotropy":1,
        "visible":true,
        "mapNormalFactor":[2,2],
        "colorSpecular":[0.2,0.2,0.2],
        "DbgColor":15658734,
        "mapDiffuseRepeat":[1,1]
    }]
}