{
    "vertices":[-0.572205,-13.2175,-0.481634,-1.07,13.0126,0.766964,8.6294,-2.08097,9.59068,-10.9443,-3.0824,6.69018,-10.2716,1.87607,-9.30535,9.30212,2.8775,-6.40485,6.57789,-11.9745,6.26717,7.08243,-7.65252,-4.74291,13.6073,0.262524,0.564171,-8.35129,-12.2249,4.0918,-1.07371,-3.4352,13.8932,-7.84675,-7.90287,-6.91829,-15.7533,-1.23962,-3.78658,-0.064636,4.0025,-10.1001,5.95566,8.80185,8.19018,6.46019,11.9175,-4.79303,-8.47574,7.55007,6.0148,-7.9712,10.6658,-6.9684,10.1901,-7.22635,0.627723,-0.944586,-10.2397,9.02326,-11.7797,-7.89397,-2.59505,-0.197127,-4.19419,-7.8726,9.69233,7.79096,1.32139,-1.22114,4.86863,10.5939,-11.835,6.23318,-1.90139,-0.473677,9.8419,-8.05588],
    "uvs":[[0.220418,0.210396,0.367737,0.12587,0.411001,0.224712,0.319026,0.290939,0.227213,0.36901,0.09289,0.280699,0.028946,0.142787,0.104416,0.073522,0.250392,0.022031,0.604777,0.573192,0.515668,0.477968,0.603257,0.40204,0.678844,0.493867,0.742454,0.585336,0.680361,0.674148,0.599679,0.756921,0.511602,0.662126,0.424014,0.561567,0.413154,0.380399,0.534027,0.281592,0.296259,0.487025,0.403223,0.763191,0.287381,0.859894,0.213123,0.730808,0.287344,0.615072,0.536226,0.884474,0.413728,0.923921,0.73918,0.781389,0.858339,0.900631,0.783457,0.972356,0.666704,0.896702,0.837355,0.641487,0.932868,0.763631,0.754225,0.394149,0.684504,0.26952,0.814284,0.196295,0.893456,0.27634,0.953501,0.426252,0.843211,0.540208]],
    "name":"Cube.048Geometry",
    "normals":[0.062868,-0.95526,-0.288919,0.492416,-0.557482,-0.668355,0.82873,-0.543168,-0.134587,0.509751,-0.78576,0.35023,-0.077822,-0.702475,0.707419,-0.525895,-0.80575,0.272317,-0.739647,-0.628285,-0.241127,-0.262703,-0.599353,-0.756096,0.14536,-0.386303,-0.910825,-0.089114,0.979125,0.182592,0.399884,0.645497,0.650655,0.79516,0.590411,0.138249,0.490646,0.772637,-0.402814,0.072176,0.62743,-0.775292,-0.455214,0.741478,-0.492874,-0.836055,0.546739,0.045045,-0.586688,0.585376,0.559526,-0.143651,0.45912,0.876644,0.668783,-0.066378,0.74044,0.999725,0.004761,-0.022675,-0.10184,-0.117191,0.987854,-0.775811,-0.096469,0.623524,-0.979522,-0.058229,-0.192572,-0.499191,0.058718,-0.864467,0.140568,0.057711,-0.988372,0.686605,0.073916,-0.723258],
    "faces":[43,0,7,18,6,0,0,1,2,3,0,1,2,3,43,0,6,19,9,0,0,3,4,5,0,3,4,5,43,0,9,20,11,0,0,5,6,7,0,5,6,7,43,0,11,21,7,0,0,7,8,1,0,7,8,1,43,1,14,22,15,0,9,10,11,12,9,10,11,12,43,1,15,25,17,0,9,12,13,14,9,12,13,14,43,1,17,24,16,0,9,14,15,16,9,14,15,16,43,1,16,23,14,0,9,16,17,10,9,16,17,10,43,2,6,18,8,0,18,3,2,19,18,3,2,19,43,2,8,22,14,0,18,19,11,10,18,19,11,10,43,2,14,23,10,0,18,10,17,20,18,10,17,20,43,2,10,19,6,0,18,20,4,3,18,20,4,3,43,3,9,19,10,0,21,22,23,24,21,5,4,20,43,3,10,23,16,0,21,24,17,16,21,20,17,16,43,3,16,24,12,0,21,16,15,25,21,16,15,22,43,3,12,20,9,0,21,25,26,22,21,22,6,5,43,4,11,20,12,0,27,28,29,30,23,7,6,22,43,4,12,24,17,0,27,30,15,14,23,22,15,14,43,4,17,25,13,0,27,14,13,31,23,14,13,24,43,4,13,21,11,0,27,31,32,28,23,24,8,7,43,5,15,22,8,0,33,12,11,34,25,12,11,19,43,5,8,18,7,0,33,34,35,36,25,19,2,1,43,5,7,21,13,0,33,36,37,38,25,1,8,24,43,5,13,25,15,0,33,38,13,12,25,24,13,12],
    "metadata":{
        "type":"Geometry",
        "uvs":1,
        "materials":1,
        "vertices":26,
        "generator":"io_three",
        "normals":26,
        "faces":24,
        "version":3
    },
    "materials":[{
        "doubleSided":true,
        "DbgName":"ice1.012",
        "colorEmissive":[0,0,0],
        "depthWrite":true,
        "mapNormalWrap":["RepeatWrapping","RepeatWrapping"],
        "colorDiffuse":[0.8,0.8,0.8],
        "mapDiffuseWrap":["RepeatWrapping","RepeatWrapping"],
        "mapNormalRepeat":[1,1],
        "mapNormal":"asteroid12-ice-normal.png",
        "specularCoef":50,
        "mapNormalAnisotropy":1,
        "shading":"phong",
        "mapDiffuse":"asteroid12-ice-color.png",
        "transparent":true,
        "opacity":0.95,
        "blending":"NormalBlending",
        "wireframe":false,
        "depthTest":true,
        "DbgIndex":0,
        "mapDiffuseAnisotropy":1,
        "visible":true,
        "mapNormalFactor":[2,2],
        "colorSpecular":[0.2,0.2,0.2],
        "DbgColor":15658734,
        "mapDiffuseRepeat":[1,1]
    }]
}