{
    "vertices":[0.195669,-2.56521,0.213319,-0.246804,3.02952,-0.336263,2.46482,0.098056,2.22735,-2.40594,-0.739539,1.10235,-2.51596,0.36625,-2.35029,2.3548,1.20385,-1.2253,1.81536,-2.61808,1.88827,1.56748,-0.904267,-0.907392,3.35519,1.07931,0.422471,-1.28676,-2.82748,1.19663,0.329253,-0.816146,2.88782,-1.53463,-1.11367,-1.59903,-3.95094,-0.177086,-1.26502,0.164223,0.842538,-2.29115,1.86909,2.88124,1.42202,1.95194,2.82611,-0.961292,-2.33493,1.83424,0.426161,-2.25208,1.77912,-1.95715,2.43743,-1.13511,0.488669,0.352982,-2.42668,2.26087,-2.48479,-1.50382,-0.626115,0.083751,-0.411829,-1.75867,2.68134,2.53502,0.318557,-0.039823,1.4677,1.77228,-3.22035,1.2321,-1.06665,-0.015081,1.91016,-1.88073],
    "uvs":[[0.591155,0.528724,0.707415,0.597694,0.639125,0.68397,0.532779,0.621186,0.470235,0.562838,0.531032,0.469045,0.620691,0.354923,0.695462,0.40695,0.761306,0.497386,0.25925,0.157243,0.099636,0.27477,0.039635,0.183865,0.108909,0.091157,0.273847,0.020873,0.441342,0.05997,0.508055,0.150579,0.404249,0.222391,0.271349,0.34636,0.517768,0.767557,0.639174,0.865219,0.583802,0.975712,0.47523,0.971413,0.331413,0.851057,0.385614,0.659172,0.493442,0.35471,0.352774,0.51899,0.61457,0.202185,0.773786,0.327311,0.698884,0.240086,0.806248,0.227758,0.863435,0.305786,0.919413,0.444665,0.850542,0.479806,0.826091,0.669444,0.931919,0.700377,0.88184,0.791856,0.770701,0.781335,0.853921,0.509225,0.930867,0.537051]],
    "name":"Cube.045Geometry",
    "normals":[0.158483,-0.894589,-0.417768,0.511673,-0.528245,-0.677541,0.828547,-0.504746,-0.242317,0.576128,-0.751396,0.321574,-0.066897,-0.690481,0.720206,-0.449782,-0.854518,0.259713,-0.571581,-0.77871,-0.258583,-0.072939,-0.654897,-0.752159,0.243538,-0.477737,-0.84405,-0.213935,0.976592,-0.021363,0.25602,0.772698,0.580798,0.741935,0.669973,0.024293,0.418958,0.74044,-0.525529,0.081454,0.547105,-0.833064,-0.390637,0.671987,-0.629109,-0.835841,0.546129,-0.055391,-0.626453,0.616932,0.476333,-0.27842,0.490402,0.8258,0.643605,0.028169,0.764824,0.998291,0.05002,-0.029756,-0.1395,-0.014283,0.990112,-0.747124,-0.126316,0.652547,-0.955535,-0.193304,-0.222633,-0.353832,-0.080752,-0.931791,0.228492,-0.026582,-0.973174,0.675619,0.007752,-0.737205],
    "faces":[43,0,7,18,6,0,0,1,2,3,0,1,2,3,43,0,6,19,9,0,0,3,4,5,0,3,4,5,43,0,9,20,11,0,0,5,6,7,0,5,6,7,43,0,11,21,7,0,0,7,8,1,0,7,8,1,43,1,14,22,15,0,9,10,11,12,9,10,11,12,43,1,15,25,17,0,9,12,13,14,9,12,13,14,43,1,17,24,16,0,9,14,15,16,9,14,15,16,43,1,16,23,14,0,9,16,17,10,9,16,17,10,43,2,6,18,8,0,18,3,2,19,18,3,2,19,43,2,8,22,14,0,18,19,20,21,18,19,11,10,43,2,14,23,10,0,18,21,22,23,18,10,17,20,43,2,10,19,6,0,18,23,4,3,18,20,4,3,43,3,9,19,10,0,24,5,4,25,21,5,4,20,43,3,10,23,16,0,24,25,17,16,21,20,17,16,43,3,16,24,12,0,24,16,15,26,21,16,15,22,43,3,12,20,9,0,24,26,6,5,21,22,6,5,43,4,11,20,12,0,27,7,6,28,23,7,6,22,43,4,12,24,17,0,27,28,29,30,23,22,15,14,43,4,17,25,13,0,27,30,31,32,23,14,13,24,43,4,13,21,11,0,27,32,8,7,23,24,8,7,43,5,15,22,8,0,33,34,35,36,25,12,11,19,43,5,8,18,7,0,33,36,2,1,25,19,2,1,43,5,7,21,13,0,33,1,8,37,25,1,8,24,43,5,13,25,15,0,33,37,38,34,25,24,13,12],
    "metadata":{
        "type":"Geometry",
        "uvs":1,
        "materials":1,
        "vertices":26,
        "generator":"io_three",
        "normals":26,
        "faces":24,
        "version":3
    },
    "materials":[{
        "doubleSided":true,
        "DbgName":"ice1.006",
        "colorEmissive":[0,0,0],
        "depthWrite":true,
        "mapNormalWrap":["RepeatWrapping","RepeatWrapping"],
        "colorDiffuse":[0.8,0.8,0.8],
        "mapDiffuseWrap":["RepeatWrapping","RepeatWrapping"],
        "mapNormalRepeat":[1,1],
        "mapNormal":"asteroid6-ice-normal.png",
        "specularCoef":50,
        "mapNormalAnisotropy":1,
        "shading":"phong",
        "mapDiffuse":"asteroid6-ice-color.png",
        "transparent":true,
        "opacity":0.95,
        "blending":"NormalBlending",
        "wireframe":false,
        "depthTest":true,
        "DbgIndex":0,
        "mapDiffuseAnisotropy":1,
        "visible":true,
        "mapNormalFactor":[2,2],
        "colorSpecular":[0.2,0.2,0.2],
        "DbgColor":15658734,
        "mapDiffuseRepeat":[1,1]
    }]
}