{
    "vertices":[-0.093878,-4.6594,0.189599,-0.420291,5.39244,-0.359642,4.57557,-1.37179,3.72768,-5.48891,1.83582,3.72871,-5.08974,2.10483,-3.89772,4.97474,-1.10278,-3.89875,3.31423,-5.0941,3.58801,4.08529,-4.75785,-2.81815,8.29821,-2.77384,-0.009706,-4.35465,-2.04799,3.06003,-1.5634,0.899418,5.55872,-3.58359,-1.71173,-3.34613,-6.79851,2.03758,-0.008168,-0.96464,1.30293,-5.88093,3.42058,3.21968,1.961,3.24827,3.28693,-3.07249,-4.00725,4.98498,2.49052,-4.17956,5.05223,-2.54297,5.92606,-4.8188,0.33579,-1.04534,-2.30837,4.57568,-5.36383,-0.685537,-0.133069,-0.182541,-1.88992,-4.50822,5.63758,1.3348,-0.439344,-0.807407,3.39554,3.66046,-5.43804,4.32957,0.031797,-0.783155,3.57488,-4.20327],
    "uvs":[[0.223828,0.226105,0.109582,0.095568,0.215783,0.023297,0.334921,0.109264,0.380511,0.285647,0.311309,0.372277,0.227483,0.441006,0.109296,0.386723,0.045231,0.27544,0.487116,0.628781,0.623658,0.584074,0.715956,0.6771,0.588462,0.730235,0.450437,0.766154,0.377026,0.664486,0.339035,0.589575,0.403952,0.538237,0.507267,0.480168,0.764214,0.498306,0.858007,0.390183,0.945289,0.526232,0.903335,0.641432,0.552015,0.364575,0.672238,0.308439,0.356748,0.464882,0.456861,0.375652,0.270067,0.534456,0.312755,0.717878,0.222964,0.806478,0.176855,0.683169,0.252293,0.609737,0.384257,0.846079,0.282038,0.918174,0.699909,0.829347,0.88157,0.768712,0.900475,0.886832,0.774799,0.94541,0.57269,0.961469,0.467625,0.87548]],
    "name":"Cube.047Geometry",
    "normals":[-0.336955,-0.939268,-0.064638,0.197424,-0.787988,-0.583148,0.564837,-0.823298,0.055513,0.169897,-0.770409,0.61446,-0.206641,-0.534104,0.819727,-0.654469,-0.632496,0.414197,-0.823389,-0.559557,-0.094241,-0.57329,-0.627552,-0.52678,-0.151433,-0.570086,-0.807489,0.206061,0.978515,0.003906,0.541337,0.710349,0.449812,0.80694,0.590594,0.000366,0.52617,0.696951,-0.487167,0.100436,0.676565,-0.729484,-0.376507,0.818903,-0.433119,-0.690329,0.723441,0.00824,-0.309976,0.825526,0.471541,0.171514,0.665334,0.726554,0.569323,0.077639,0.818415,0.994476,-0.104282,0.01178,-0.057375,0.134281,0.989257,-0.725333,0.118137,0.678152,-0.998047,0.050844,-0.03592,-0.70098,0.088778,-0.707602,-0.052797,0.077425,-0.995575,0.588366,-0.00116,-0.808557],
    "faces":[43,0,7,18,6,0,0,1,2,3,0,1,2,3,43,0,6,19,9,0,0,3,4,5,0,3,4,5,43,0,9,20,11,0,0,5,6,7,0,5,6,7,43,0,11,21,7,0,0,7,8,1,0,7,8,1,43,1,14,22,15,0,9,10,11,12,9,10,11,12,43,1,15,25,17,0,9,12,13,14,9,12,13,14,43,1,17,24,16,0,9,14,15,16,9,14,15,16,43,1,16,23,14,0,9,16,17,10,9,16,17,10,43,2,6,18,8,0,18,19,20,21,18,3,2,19,43,2,8,22,14,0,18,21,11,10,18,19,11,10,43,2,14,23,10,0,18,10,17,22,18,10,17,20,43,2,10,19,6,0,18,22,23,19,18,20,4,3,43,3,9,19,10,0,24,5,4,25,21,5,4,20,43,3,10,23,16,0,24,25,17,16,21,20,17,16,43,3,16,24,12,0,24,16,15,26,21,16,15,22,43,3,12,20,9,0,24,26,6,5,21,22,6,5,43,4,11,20,12,0,27,28,29,30,23,7,6,22,43,4,12,24,17,0,27,30,15,14,23,22,15,14,43,4,17,25,13,0,27,14,13,31,23,14,13,24,43,4,13,21,11,0,27,31,32,28,23,24,8,7,43,5,15,22,8,0,33,12,11,34,25,12,11,19,43,5,8,18,7,0,33,34,35,36,25,19,2,1,43,5,7,21,13,0,33,36,37,38,25,1,8,24,43,5,13,25,15,0,33,38,13,12,25,24,13,12],
    "metadata":{
        "type":"Geometry",
        "uvs":1,
        "materials":1,
        "vertices":26,
        "generator":"io_three",
        "normals":26,
        "faces":24,
        "version":3
    },
    "materials":[{
        "doubleSided":true,
        "DbgName":"ice1.009",
        "colorEmissive":[0,0,0],
        "depthWrite":true,
        "mapNormalWrap":["RepeatWrapping","RepeatWrapping"],
        "colorDiffuse":[0.8,0.8,0.8],
        "mapDiffuseWrap":["RepeatWrapping","RepeatWrapping"],
        "mapNormalRepeat":[1,1],
        "mapNormal":"asteroid9-ice-normal.png",
        "specularCoef":50,
        "mapNormalAnisotropy":1,
        "shading":"phong",
        "mapDiffuse":"asteroid9-ice-color.png",
        "transparent":true,
        "opacity":0.95,
        "blending":"NormalBlending",
        "wireframe":false,
        "depthTest":true,
        "DbgIndex":0,
        "mapDiffuseAnisotropy":1,
        "visible":true,
        "mapNormalFactor":[2,2],
        "colorSpecular":[0.2,0.2,0.2],
        "DbgColor":15658734,
        "mapDiffuseRepeat":[1,1]
    }]
}