{
    "vertices":[0.240043,-6.34124,0.222401,-0.623603,6.68042,0.233014,7.20489,0.339181,-0.010612,-0.294816,0,7.2302,-7.58845,0,0.466027,-0.088744,0.339181,-6.77479,5.8955,-4.67113,0.042335,-0.050923,-4.67113,-5.24226,4.86091,0.508771,-5.30052,0.315098,-4.75593,5.68972,5.85053,0.084795,5.39845,-5.63133,-4.75593,0.40512,-6.38865,0,5.5607,-5.08991,0.084795,-4.74781,4.81594,5.2647,0.055601,-0.178083,5.2647,-4.80606,-0.853212,4.84072,5.26944,-5.84724,4.84072,0.407774,3.94064,-3.29679,-3.93764,4.56604,-3.48522,4.12,-4.35292,-3.52291,4.30039,-3.96128,-3.48522,-3.58372,3.50028,4.08821,-3.73906,3.66295,3.74903,3.93793,-4.87217,3.5606,4.1136,-4.01779,3.74903,-3.38985],
    "uvs":[[0.257919,0.215299,0.344459,0.326093,0.24879,0.399481,0.125715,0.323888,0.070086,0.196984,0.160668,0.081976,0.305909,0.024323,0.403501,0.115311,0.438956,0.251159,0.577521,0.598406,0.481366,0.679042,0.411095,0.588712,0.494273,0.516936,0.586265,0.44188,0.674214,0.521767,0.7495,0.602368,0.661803,0.684043,0.560145,0.766783,0.383267,0.766324,0.271802,0.856887,0.212426,0.729549,0.293634,0.633115,0.486199,0.882969,0.378279,0.940183,0.739425,0.786059,0.82123,0.900336,0.697603,0.972098,0.598351,0.899858,0.861459,0.658495,0.910356,0.778045,0.765571,0.440412,0.859637,0.333057,0.937622,0.438836,0.864951,0.547846,0.646172,0.333719,0.742261,0.261526,0.416448,0.423212,0.307784,0.513516,0.530423,0.329962]],
    "name":"Cube.026Geometry",
    "normals":[0.016388,-0.999695,-0.018006,-0.020264,-0.698386,-0.715415,0.554491,-0.559374,-0.616108,0.719474,-0.692068,-0.057955,0.587359,-0.588977,0.55504,0.036042,-0.71868,0.694388,-0.513901,-0.647847,0.562304,-0.666372,-0.74456,-0.038667,-0.555223,-0.593524,-0.582598,-0.043764,0.99884,0.019868,0.635212,0.772301,-0.000244,0.519272,0.642567,-0.563402,-0.041108,0.736808,-0.674825,-0.575488,0.577349,-0.57918,-0.705313,0.707694,-0.040925,-0.565081,0.607837,0.557848,-0.02945,0.724174,0.688955,0.502884,0.651936,0.567461,0.994324,0.087222,-0.060518,0.660726,0.068361,-0.747459,0.718406,0.069124,0.69216,0.008209,0.026093,0.999603,-0.720176,-0.016602,0.693564,-0.996948,-0.025086,-0.073885,-0.687948,0.002533,-0.7257,-0.039949,0.036225,-0.998535],
    "faces":[43,0,7,18,6,0,0,1,2,3,0,1,2,3,43,0,6,19,9,0,0,3,4,5,0,3,4,5,43,0,9,20,11,0,0,5,6,7,0,5,6,7,43,0,11,21,7,0,0,7,8,1,0,7,8,1,43,1,14,22,15,0,9,10,11,12,9,10,11,12,43,1,15,25,17,0,9,12,13,14,9,12,13,14,43,1,17,24,16,0,9,14,15,16,9,14,15,16,43,1,16,23,14,0,9,16,17,10,9,16,17,10,43,2,6,18,8,0,18,19,20,21,18,3,2,19,43,2,8,22,14,0,18,21,11,10,18,19,11,10,43,2,14,23,10,0,18,10,17,22,18,10,17,20,43,2,10,19,6,0,18,22,23,19,18,20,4,3,43,3,9,19,10,0,24,25,26,27,21,5,4,20,43,3,10,23,16,0,24,27,17,16,21,20,17,16,43,3,16,24,12,0,24,16,15,28,21,16,15,22,43,3,12,20,9,0,24,28,29,25,21,22,6,5,43,4,11,20,12,0,30,31,32,33,23,7,6,22,43,4,12,24,17,0,30,33,15,14,23,22,15,14,43,4,17,25,13,0,30,14,13,34,23,14,13,24,43,4,13,21,11,0,30,34,35,31,23,24,8,7,43,5,15,22,8,0,36,12,11,37,25,12,11,19,43,5,8,18,7,0,36,37,2,1,25,19,2,1,43,5,7,21,13,0,36,1,8,38,25,1,8,24,43,5,13,25,15,0,36,38,13,12,25,24,13,12],
    "metadata":{
        "type":"Geometry",
        "uvs":1,
        "materials":1,
        "vertices":26,
        "generator":"io_three",
        "normals":26,
        "faces":24,
        "version":3
    },
    "materials":[{
        "doubleSided":true,
        "DbgName":"rock1.009",
        "colorEmissive":[0,0,0],
        "depthWrite":true,
        "mapNormalWrap":["RepeatWrapping","RepeatWrapping"],
        "colorDiffuse":[0.8,0.8,0.8],
        "mapDiffuseWrap":["RepeatWrapping","RepeatWrapping"],
        "mapNormalRepeat":[1,1],
        "mapNormal":"asteroid10-normal.png",
        "specularCoef":50,
        "mapNormalAnisotropy":1,
        "shading":"phong",
        "mapDiffuse":"asteroid10-color.png",
        "transparent":false,
        "opacity":1,
        "blending":"NormalBlending",
        "wireframe":false,
        "depthTest":true,
        "DbgIndex":0,
        "mapDiffuseAnisotropy":1,
        "visible":true,
        "mapNormalFactor":[2,2],
        "colorSpecular":[0.05,0.05,0.05],
        "DbgColor":15658734,
        "mapDiffuseRepeat":[1,1]
    }]
}