{
    "vertices":[0.625543,-1.84582,0.315677,-0.297961,2.00704,0.050329,2.07247,0.39336,0.245718,0.531636,0.048645,2.48119,-1.96105,-0.137646,0.347168,-0.17339,0.151387,-2.25984,1.47684,-1.68353,0.019763,-0.07778,-1.5347,-1.84056,1.12835,0.154031,-1.8627,0.395918,-1.0858,1.62104,1.68934,0.052466,1.45281,-1.15502,-1.50925,0.137884,-1.14045,-0.266387,1.71432,-1.60129,0.014033,-1.49653,0.923652,1.91006,-0.069553,-0.330619,1.50731,-1.4465,-0.05178,1.3078,1.59416,-1.85429,1.3028,0.443495,1.03514,-1.22593,-1.41907,1.78255,-1.1392,1.11078,-0.59673,-1.174,1.34478,-1.03666,-1.20855,-1.15046,0.604168,1.44859,-1.28438,0.873903,1.13777,1.2071,-1.21611,1.14444,1.31514,-1.38471,1.12187,-0.974737],
    "uvs":[[0.520524,0.614298,0.625726,0.46997,0.69073,0.555446,0.580972,0.660741,0.520387,0.765708,0.398677,0.671911,0.355999,0.570549,0.45024,0.477371,0.547007,0.411856,0.223863,0.182825,0.150767,0.089153,0.274671,0.023981,0.3485,0.092102,0.391822,0.213856,0.295133,0.302722,0.209223,0.354113,0.099676,0.291711,0.044044,0.2008,0.693674,0.805838,0.834785,0.626755,0.924485,0.768469,0.857123,0.899303,0.711278,0.97178,0.591506,0.882896,0.30631,0.748225,0.408414,0.853646,0.244818,0.899684,0.159723,0.80375,0.084042,0.683526,0.228482,0.589037,0.366473,0.384641,0.267796,0.493042,0.498696,0.280948,0.706017,0.383719,0.779304,0.274598,0.847598,0.332241,0.789766,0.460451,0.604855,0.296864,0.6851,0.219444]],
    "name":"Cube.031Geometry.1",
    "normals":[0.048006,-0.985473,0.162847,-0.077883,-0.718711,-0.690909,0.596667,-0.554613,-0.579974,0.66567,-0.744743,-0.046907,0.724418,-0.531449,0.439009,0.065127,-0.704367,0.706809,-0.378796,-0.720847,0.580401,-0.586016,-0.802362,0.112918,-0.60799,-0.674978,-0.417951,-0.123478,0.99115,0.048067,0.500931,0.865322,-0.015137,0.411542,0.707389,-0.574633,-0.173254,0.748253,-0.64037,-0.693472,0.556536,-0.457503,-0.804865,0.569048,0.16831,-0.545457,0.52266,0.655171,-0.022797,0.716666,0.697012,0.490402,0.705252,0.511917,0.96643,0.253059,-0.04413,0.647938,0.126591,-0.751061,0.805139,0.119633,0.580889,0.156438,0.04236,0.986755,-0.61272,-0.202155,0.76397,-0.968566,-0.196204,0.152776,-0.796381,-0.04004,-0.603412,-0.108554,0.101199,-0.988891],
    "faces":[43,0,7,18,6,0,0,1,2,3,0,1,2,3,43,0,6,19,9,0,0,3,4,5,0,3,4,5,43,0,9,20,11,0,0,5,6,7,0,5,6,7,43,0,11,21,7,0,0,7,8,1,0,7,8,1,43,1,14,22,15,0,9,10,11,12,9,10,11,12,43,1,15,25,17,0,9,12,13,14,9,12,13,14,43,1,17,24,16,0,9,14,15,16,9,14,15,16,43,1,16,23,14,0,9,16,17,10,9,16,17,10,43,2,6,18,8,0,18,3,2,19,18,3,2,19,43,2,8,22,14,0,18,19,20,21,18,19,11,10,43,2,14,23,10,0,18,21,22,23,18,10,17,20,43,2,10,19,6,0,18,23,4,3,18,20,4,3,43,3,9,19,10,0,24,5,4,25,21,5,4,20,43,3,10,23,16,0,24,25,26,27,21,20,17,16,43,3,16,24,12,0,24,27,28,29,21,16,15,22,43,3,12,20,9,0,24,29,6,5,21,22,6,5,43,4,11,20,12,0,30,7,6,31,23,7,6,22,43,4,12,24,17,0,30,31,15,14,23,22,15,14,43,4,17,25,13,0,30,14,13,32,23,14,13,24,43,4,13,21,11,0,30,32,8,7,23,24,8,7,43,5,15,22,8,0,33,34,35,36,25,12,11,19,43,5,8,18,7,0,33,36,2,1,25,19,2,1,43,5,7,21,13,0,33,1,8,37,25,1,8,24,43,5,13,25,15,0,33,37,38,34,25,24,13,12],
    "metadata":{
        "type":"Geometry",
        "uvs":1,
        "materials":1,
        "vertices":26,
        "generator":"io_three",
        "normals":26,
        "faces":24,
        "version":3
    },
    "materials":[{
        "doubleSided":true,
        "DbgName":"rock1.003",
        "colorEmissive":[0,0,0],
        "depthWrite":true,
        "mapNormalWrap":["RepeatWrapping","RepeatWrapping"],
        "colorDiffuse":[0.8,0.8,0.8],
        "mapDiffuseWrap":["RepeatWrapping","RepeatWrapping"],
        "mapNormalRepeat":[1,1],
        "mapNormal":"asteroid4-normal.png",
        "specularCoef":50,
        "mapNormalAnisotropy":1,
        "shading":"phong",
        "mapDiffuse":"asteroid4-color.png",
        "transparent":false,
        "opacity":1,
        "blending":"NormalBlending",
        "wireframe":false,
        "depthTest":true,
        "DbgIndex":0,
        "mapDiffuseAnisotropy":1,
        "visible":true,
        "mapNormalFactor":[2,2],
        "colorSpecular":[0.05,0.05,0.05],
        "DbgColor":15658734,
        "mapDiffuseRepeat":[1,1]
    }]
}