{
    "vertices":[-0.246354,0.522457,-1.28096,0.892015,-0.725119,-0.62044,0.246354,-0.522457,1.36444,-0.892015,0.725119,0.842786,-1.34395,-0.524625,0.066956,1.50377,0.524625,-0.066956,0.842578,0.930161,-1.04907,0.614711,-0.208598,-1.42917,-1.21211,-0.146476,-0.913623,-0.922349,1.13373,-0.646769,1.63333,-0.241179,-0.482069,0.723312,-0.879079,0.498511,-0.295304,-0.846499,-0.448591,1.37123,-0.143223,0.846667,-0.353781,0.095395,1.48151,-0.942566,-0.640462,1.13959,0.548084,1.02812,0.381634,-1.42597,0.059561,0.549025,-1.46506,0.322058,-0.292391,-0.319169,-0.453223,-1.04129,-0.144185,-0.854662,0.396546,-1.05814,-0.180007,1.35102,0.084241,1.42965,-0.684193,1.15254,0.17773,-1.05617,1.47677,-0.48122,0.32215,0.679309,0.455043,0.95201],
    "uvs":[[0.769641,0.438991,0.862431,0.294314,0.945335,0.448534,0.869458,0.593753,0.750963,0.652985,0.702391,0.564118,0.615735,0.454068,0.641807,0.298134,0.725131,0.192187,0.612731,0.629896,0.65793,0.71418,0.562714,0.77317,0.483076,0.680948,0.430291,0.57409,0.527975,0.504454,0.356704,0.701851,0.481008,0.827011,0.344286,0.856024,0.240153,0.712727,0.198652,0.606314,0.264351,0.565499,0.250992,0.285479,0.137119,0.36946,0.043947,0.215016,0.122711,0.119068,0.273495,0.020826,0.385666,0.125808,0.429053,0.27438,0.336686,0.354602,0.236709,0.427514,0.416733,0.401803,0.544949,0.328432,0.287278,0.486921,0.707868,0.795266,0.795603,0.92846,0.674989,0.972914,0.57214,0.871495,0.859026,0.717689,0.95278,0.831085]],
    "name":"Cube.043Geometry.2",
    "normals":[-0.229011,0.241707,-0.9429,-0.537034,0.779748,-0.321818,0.044252,0.963836,-0.262703,0.452284,0.660665,-0.599078,0.660848,0.056764,-0.748344,0.189856,-0.340495,-0.920865,-0.240638,-0.630116,-0.738243,-0.684072,-0.285226,-0.671316,-0.945921,0.258858,-0.195379,0.337626,-0.857418,-0.388379,0.909146,-0.293497,-0.295389,0.810938,-0.544084,0.215155,0.29432,-0.928587,0.225929,-0.083773,-0.991211,0.102084,-0.172246,-0.943175,-0.284127,0.233314,-0.490768,0.839442,0.746605,-0.037629,0.664144,0.371532,0.551378,0.74694,-0.076754,0.263436,0.961608,-0.622822,-0.049776,0.780755,-0.454573,-0.723045,0.520127,-0.425398,0.736991,0.525193,0.285714,0.86581,0.410749,-0.945341,0.128239,0.299722,-0.749199,-0.658132,-0.074435,0.848354,0.522691,0.083865],
    "faces":[43,0,9,22,6,0,0,1,2,3,0,1,2,3,43,0,6,23,7,0,0,3,4,5,0,3,4,5,43,0,7,19,8,0,0,5,6,7,0,5,6,7,43,0,8,18,9,0,0,7,8,1,0,7,8,1,43,1,7,23,10,0,9,5,4,10,9,5,4,10,43,1,10,24,11,0,9,10,11,12,9,10,11,12,43,1,11,20,12,0,9,12,13,14,9,12,13,14,43,1,12,19,7,0,9,14,6,5,9,14,6,5,43,2,11,24,13,0,15,12,11,16,15,12,11,16,43,2,13,25,14,0,15,16,17,18,15,16,17,18,43,2,14,21,15,0,15,18,19,20,15,18,19,20,43,2,15,20,11,0,15,20,13,12,15,20,13,12,43,3,14,25,16,0,21,22,23,24,21,18,17,22,43,3,16,22,9,0,21,24,25,26,21,22,2,1,43,3,9,18,17,0,21,26,27,28,21,1,8,23,43,3,17,21,14,0,21,28,29,22,21,23,19,18,43,4,17,18,8,0,30,28,27,31,24,23,8,7,43,4,8,19,12,0,30,31,6,14,24,7,6,14,43,4,12,20,15,0,30,14,13,32,24,14,13,20,43,4,15,21,17,0,30,32,29,28,24,20,19,23,43,5,16,25,13,0,33,34,35,36,25,22,17,16,43,5,13,24,10,0,33,36,11,10,25,16,11,10,43,5,10,23,6,0,33,10,4,37,25,10,4,3,43,5,6,22,16,0,33,37,38,34,25,3,2,22],
    "metadata":{
        "type":"Geometry",
        "uvs":1,
        "materials":1,
        "vertices":26,
        "generator":"io_three",
        "normals":26,
        "faces":24,
        "version":3
    },
    "materials":[{
        "doubleSided":true,
        "DbgName":"ice1.002",
        "colorEmissive":[0,0,0],
        "depthWrite":true,
        "mapNormalWrap":["RepeatWrapping","RepeatWrapping"],
        "colorDiffuse":[0.8,0.8,0.8],
        "mapDiffuseWrap":["RepeatWrapping","RepeatWrapping"],
        "mapNormalRepeat":[1,1],
        "mapNormal":"asteroid2-ice-normal.png",
        "specularCoef":50,
        "mapNormalAnisotropy":1,
        "shading":"phong",
        "mapDiffuse":"asteroid2-ice-color.png",
        "transparent":true,
        "opacity":0.95,
        "blending":"NormalBlending",
        "wireframe":false,
        "depthTest":true,
        "DbgIndex":0,
        "mapDiffuseAnisotropy":1,
        "visible":true,
        "mapNormalFactor":[2,2],
        "colorSpecular":[0.2,0.2,0.2],
        "DbgColor":15658734,
        "mapDiffuseRepeat":[1,1]
    }]
}