{
    "vertices":[0.878469,-4.28716,-0.471702,-0.766045,4.29315,0.572081,5.34501,-0.431729,0.344799,-0.441662,-0.353162,5.12427,-5.23259,0.437723,-0.244421,0.554086,0.359156,-5.02389,4.69373,-3.61751,-0.446725,1.35908,-3.22396,-4.10314,4.21732,-0.020673,-3.68447,-0.013268,-3.20528,3.42068,3.8283,-0.625422,4.22677,-3.34792,-2.81172,-0.235733,-4.46269,0.097177,3.48474,-3.35809,0.560906,-3.82627,3.35189,2.97142,0.989019,-0.499842,3.76419,-3.40761,-0.621119,2.67703,4.29082,-4.47286,3.46981,-0.105803,3.81144,-2.56543,-3.0874,3.13925,-2.74676,2.64506,-2.94441,-2.16408,2.47451,-1.95419,-2.04543,-2.99117,2.5716,2.51546,-2.25614,2.45545,1.84265,3.55392,-3.53182,2.28871,2.80301,-3.09762,2.89884,-2.74028],
    "uvs":[[0.612946,0.606773,0.711804,0.532818,0.77765,0.617198,0.692183,0.691552,0.583897,0.769097,0.487382,0.679354,0.414388,0.574188,0.497536,0.499231,0.604916,0.430521,0.255278,0.226679,0.119822,0.094325,0.259737,0.020378,0.392207,0.117903,0.441369,0.24038,0.350893,0.32305,0.253793,0.404344,0.115906,0.335127,0.035881,0.204119,0.745411,0.784197,0.875761,0.680975,0.935799,0.81841,0.82642,0.922925,0.708057,0.978588,0.612482,0.891848,0.381339,0.735934,0.509972,0.869534,0.37721,0.901604,0.268051,0.798057,0.200519,0.665299,0.282612,0.586375,0.410954,0.403826,0.302892,0.506684,0.545313,0.305726,0.779186,0.416109,0.859694,0.263212,0.959018,0.405016,0.886722,0.554695,0.65314,0.288895,0.739889,0.198859]],
    "name":"Cube.022Geometry",
    "normals":[-0.06531,-0.99707,-0.039247,0.016785,-0.678579,-0.734306,0.615497,-0.516556,-0.595203,0.69866,-0.715354,-0.008881,0.462935,-0.696493,0.548204,-0.098117,-0.800653,0.590991,-0.560503,-0.710807,0.424909,-0.637989,-0.762902,-0.104373,-0.503922,-0.61681,-0.604633,0.014924,0.991791,0.126835,0.624714,0.768456,0.138371,0.554369,0.730033,-0.399579,0.030305,0.801782,-0.596789,-0.534745,0.618793,-0.575427,-0.707816,0.706229,-0.013977,-0.582995,0.572802,0.576159,-0.044832,0.654653,0.75457,0.478256,0.594317,0.646535,0.990051,0.112796,0.083865,0.729942,0.193518,-0.655538,0.638569,-0.054933,0.767571,-0.095737,-0.129093,0.986969,-0.768456,-0.119877,0.628529,-0.987243,-0.106479,-0.118137,-0.637745,-0.043611,-0.769005,0.041566,0.106418,-0.993439],
    "faces":[43,0,7,18,6,0,0,1,2,3,0,1,2,3,43,0,6,19,9,0,0,3,4,5,0,3,4,5,43,0,9,20,11,0,0,5,6,7,0,5,6,7,43,0,11,21,7,0,0,7,8,1,0,7,8,1,43,1,14,22,15,0,9,10,11,12,9,10,11,12,43,1,15,25,17,0,9,12,13,14,9,12,13,14,43,1,17,24,16,0,9,14,15,16,9,14,15,16,43,1,16,23,14,0,9,16,17,10,9,16,17,10,43,2,6,18,8,0,18,3,2,19,18,3,2,19,43,2,8,22,14,0,18,19,20,21,18,19,11,10,43,2,14,23,10,0,18,21,22,23,18,10,17,20,43,2,10,19,6,0,18,23,4,3,18,20,4,3,43,3,9,19,10,0,24,5,4,25,21,5,4,20,43,3,10,23,16,0,24,25,26,27,21,20,17,16,43,3,16,24,12,0,24,27,28,29,21,16,15,22,43,3,12,20,9,0,24,29,6,5,21,22,6,5,43,4,11,20,12,0,30,7,6,31,23,7,6,22,43,4,12,24,17,0,30,31,15,14,23,22,15,14,43,4,17,25,13,0,30,14,13,32,23,14,13,24,43,4,13,21,11,0,30,32,8,7,23,24,8,7,43,5,15,22,8,0,33,34,35,36,25,12,11,19,43,5,8,18,7,0,33,36,2,1,25,19,2,1,43,5,7,21,13,0,33,1,8,37,25,1,8,24,43,5,13,25,15,0,33,37,38,34,25,24,13,12],
    "metadata":{
        "type":"Geometry",
        "uvs":1,
        "materials":1,
        "vertices":26,
        "generator":"io_three",
        "normals":26,
        "faces":24,
        "version":3
    },
    "materials":[{
        "doubleSided":true,
        "DbgName":"rock1.007",
        "colorEmissive":[0,0,0],
        "depthWrite":true,
        "mapNormalWrap":["RepeatWrapping","RepeatWrapping"],
        "colorDiffuse":[0.8,0.8,0.8],
        "mapDiffuseWrap":["RepeatWrapping","RepeatWrapping"],
        "mapNormalRepeat":[1,1],
        "mapNormal":"asteroid8-normal.png",
        "specularCoef":50,
        "mapNormalAnisotropy":1,
        "shading":"phong",
        "mapDiffuse":"asteroid8-color.png",
        "transparent":false,
        "opacity":1,
        "blending":"NormalBlending",
        "wireframe":false,
        "depthTest":true,
        "DbgIndex":0,
        "mapDiffuseAnisotropy":1,
        "visible":true,
        "mapNormalFactor":[2,2],
        "colorSpecular":[0.05,0.05,0.05],
        "DbgColor":15658734,
        "mapDiffuseRepeat":[1,1]
    }]
}