{
    "vertices":[0.391001,-2.41402,0.202228,-0.239915,2.60874,-0.301563,2.00216,0.515695,1.76326,-2.55051,-0.079144,1.56701,-1.85107,-0.320975,-1.8626,2.7016,0.273864,-1.66634,1.70815,-1.60245,1.59075,2.32986,-1.64092,-1.23377,3.74154,0.631741,-0.074814,-1.70558,-1.93143,1.51228,-0.700533,0.190481,2.69487,-1.08388,-1.96991,-1.31224,-3.08747,-0.260517,-0.369197,0.348636,-0.172265,-2.44953,1.33286,2.42467,1.02931,1.76032,2.1004,-1.29057,-2.08242,1.86139,0.813392,-1.65496,1.53712,-1.50649,2.89149,-0.980228,0.092164,-0.292724,-1.26624,2.18434,-2.16635,-1.53703,-0.064804,0.570771,-1.40792,-1.85061,2.54167,1.91433,-0.126627,-0.5569,1.65121,1.68018,-2.51754,1.14926,-0.405781,0.133929,1.25549,-1.90621],
    "uvs":[[0.587094,0.608355,0.684664,0.504833,0.774605,0.566464,0.686721,0.670676,0.587649,0.77778,0.489451,0.712765,0.401159,0.63596,0.479598,0.538704,0.570789,0.447834,0.216653,0.248863,0.135779,0.094334,0.269914,0.011161,0.350082,0.110481,0.391945,0.281242,0.289226,0.385547,0.21503,0.468092,0.100665,0.403972,0.028545,0.257764,0.796795,0.744043,0.916846,0.600529,0.972951,0.728548,0.910205,0.851359,0.772614,0.945925,0.645935,0.887474,0.405243,0.797667,0.528497,0.886667,0.427195,0.983992,0.307543,0.912903,0.239571,0.816383,0.292505,0.706862,0.377875,0.475035,0.279178,0.579477,0.503504,0.354217,0.756591,0.410648,0.804089,0.272017,0.89628,0.332639,0.881506,0.469027,0.594353,0.343862,0.65832,0.243037]],
    "name":"Cube.051Geometry",
    "normals":[0.097812,-0.994079,0.047029,0.541398,-0.699454,-0.466475,0.826655,-0.537889,0.165105,0.475173,-0.614246,0.629994,0.010407,-0.512162,0.858791,-0.460982,-0.745811,0.48085,-0.688833,-0.715873,-0.114048,-0.313456,-0.785852,-0.533006,0.093509,-0.617298,-0.781121,-0.149876,0.977477,-0.148473,0.279031,0.834864,0.474441,0.648366,0.760918,0.023591,0.323771,0.743858,-0.584643,-0.033815,0.490555,-0.870724,-0.471938,0.58565,-0.658956,-0.83282,0.506241,-0.223792,-0.613727,0.724082,0.314646,-0.146886,0.674245,0.723716,0.541856,0.161901,0.824702,0.984344,0.160039,0.073428,-0.131504,0.122898,0.983642,-0.798883,0.001801,0.601459,-0.97293,-0.119449,-0.197668,-0.551897,-0.13834,-0.822321,0.03177,-0.04828,-0.998321,0.64977,0.05118,-0.758385],
    "faces":[43,0,7,18,6,0,0,1,2,3,0,1,2,3,43,0,6,19,9,0,0,3,4,5,0,3,4,5,43,0,9,20,11,0,0,5,6,7,0,5,6,7,43,0,11,21,7,0,0,7,8,1,0,7,8,1,43,1,14,22,15,0,9,10,11,12,9,10,11,12,43,1,15,25,17,0,9,12,13,14,9,12,13,14,43,1,17,24,16,0,9,14,15,16,9,14,15,16,43,1,16,23,14,0,9,16,17,10,9,16,17,10,43,2,6,18,8,0,18,3,2,19,18,3,2,19,43,2,8,22,14,0,18,19,20,21,18,19,11,10,43,2,14,23,10,0,18,21,22,23,18,10,17,20,43,2,10,19,6,0,18,23,4,3,18,20,4,3,43,3,9,19,10,0,24,5,4,25,21,5,4,20,43,3,10,23,16,0,24,25,26,27,21,20,17,16,43,3,16,24,12,0,24,27,28,29,21,16,15,22,43,3,12,20,9,0,24,29,6,5,21,22,6,5,43,4,11,20,12,0,30,7,6,31,23,7,6,22,43,4,12,24,17,0,30,31,15,14,23,22,15,14,43,4,17,25,13,0,30,14,13,32,23,14,13,24,43,4,13,21,11,0,30,32,8,7,23,24,8,7,43,5,15,22,8,0,33,34,35,36,25,12,11,19,43,5,8,18,7,0,33,36,2,1,25,19,2,1,43,5,7,21,13,0,33,1,8,37,25,1,8,24,43,5,13,25,15,0,33,37,38,34,25,24,13,12],
    "metadata":{
        "type":"Geometry",
        "uvs":1,
        "materials":1,
        "vertices":26,
        "generator":"io_three",
        "normals":26,
        "faces":24,
        "version":3
    },
    "materials":[{
        "doubleSided":true,
        "DbgName":"ice1.005",
        "colorEmissive":[0,0,0],
        "depthWrite":true,
        "mapNormalWrap":["RepeatWrapping","RepeatWrapping"],
        "colorDiffuse":[0.8,0.8,0.8],
        "mapDiffuseWrap":["RepeatWrapping","RepeatWrapping"],
        "mapNormalRepeat":[1,1],
        "mapNormal":"asteroid5-ice-normal.png",
        "specularCoef":50,
        "mapNormalAnisotropy":1,
        "shading":"phong",
        "mapDiffuse":"asteroid5-ice-color.png",
        "transparent":true,
        "opacity":0.95,
        "blending":"NormalBlending",
        "wireframe":false,
        "depthTest":true,
        "DbgIndex":0,
        "mapDiffuseAnisotropy":1,
        "visible":true,
        "mapNormalFactor":[2,2],
        "colorSpecular":[0.2,0.2,0.2],
        "DbgColor":15658734,
        "mapDiffuseRepeat":[1,1]
    }]
}